,Profile factor,Symmetry,Crossflow,Flow Velocity1,Flow Velocity2,Flow Velocity3,Flow Velocity4,Speed of Sound1,Speed of Sound2,Speed of Sound3,Speed of Sound4,Signal Strength1,Signal Strength2,Signal Strength3,Signal Strength4,Signal Strength5,Signal Strength6,Signal Strength7,Signal Strength8,Signal Quality1,Signal Quality2,Signal Quality3,Signal Quality4,Signal Quality5,Signal Quality6,Signal Quality7,Signal Quality8,Gain1,Gain2,Gain3,Gain4,Gain5,Gain6,Gain7,Gain8,Transit time1,Transit time2,Transit time3,Transit time4,Transit time5,Transit time6,Transit time7,Transit time8,Class Attruibute
0,1.10268971084691,1.00442493353855,1.00674137629137,15.2286111111111,16.6763888888889,16.7130555555556,15.0513888888889,1485.44722222222,1485.41666666667,1485.49166666667,1485.55,62.0,62.0,63.0,63.0,61.0,61.0,61.0,61.0,3444.80555555556,2924.55555555556,3232.11111111111,3193.13888888889,3098.25,3328.61111111111,3524.61111111111,2507.58333333333,15.5388888888889,15.5388888888889,10.0,10.0,17.2,17.2,17.7,17.7,86.5858333333333,85.5766666666666,106.985,105.530833333333,106.714444444444,105.255833333333,86.4611111111111,85.4608333333333,1
1,1.10143161440531,1.00372200232389,1.00825616845614,14.1066666666667,15.4075,15.4738888888889,13.9308333333333,1485.22222222222,1485.21111111111,1485.28888888889,1485.35277777778,62.0,62.0,63.0,63.0,61.0,61.0,61.0,61.0,3536.22222222222,2981.19444444444,3260.33333333333,3254.97222222222,3118.66666666667,3335.61111111111,3553.66666666667,2601.27777777778,15.5,15.5,10.0,10.0,17.2,17.2,17.7,17.7,86.56,85.6280555555556,106.9425,105.603611111111,106.676111111111,105.326666666667,86.4338888888889,85.5105555555556,1
2,1.09856774308336,1.00252780109601,1.00910346915987,14.1366666666667,15.3880555555556,15.4844444444444,13.9658333333333,1485.06111111111,1485.04722222222,1485.13333333333,1485.18333333333,62.0,62.0,63.0,63.0,61.0,61.0,61.0,61.0,3513.52777777778,3005.0,3284.83333333333,3264.19444444444,3138.02777777778,3329.47222222222,3567.88888888889,2592.75,15.5,15.5,10.0,10.0,17.2,17.2,17.7,17.7,86.5722222222222,85.6352777777778,106.954722222222,105.614722222222,106.686388888889,105.336388888889,86.4447222222222,85.5191666666667,1
3,1.09951578884829,1.00702365514043,1.00936315390448,14.1463888888889,15.405,15.4391666666667,13.9061111111111,1485.14444444444,1485.11388888889,1485.21666666667,1485.25,62.0,62.0,63.0,63.0,61.0,61.0,61.0,61.0,3541.47222222222,2990.72222222222,3282.91666666667,3275.47222222222,3123.5,3334.25,3573.91666666667,2607.19444444444,15.5,15.5,10.0,10.0,17.2,17.2,17.7,17.7,86.5661111111111,85.6308333333333,106.9525,105.609444444444,106.681388888889,105.331666666667,86.4397222222222,85.5158333333334,1
4,1.10033623947392,1.00066135066702,1.00670931058991,14.0569444444444,15.3636111111111,15.4522222222222,13.9488888888889,1485.20277777778,1485.18055555555,1485.27222222222,1485.3,62.0,62.0,63.0,63.0,61.0,61.0,61.0,61.0,3495.33333333333,2970.33333333333,3289.88888888889,3244.19444444444,3117.27777777778,3332.08333333333,3540.22222222222,2592.66666666667,15.5,15.5,10.0,10.0,17.2,17.2,17.7,17.7,86.5611111111111,85.6308333333334,106.946666666667,105.603888888889,106.676111111111,105.328888888889,86.4369444444444,85.5122222222223,1
5,1.10226968232387,1.00282699544277,1.0066214500881,14.0641666666667,15.3983333333333,15.4538888888889,13.9255555555556,1485.26666666667,1485.24722222222,1485.34166666667,1485.36388888889,62.0,62.0,63.0,63.0,61.0,61.0,61.0,61.0,3514.63888888889,2981.11111111111,3265.38888888889,3249.22222222222,3117.08333333333,3345.58333333333,3531.75,2598.41666666667,15.5,15.5,10.0,10.0,17.2,17.2,17.7,17.7,86.5572222222223,85.6269444444444,106.941111111111,105.600555555556,106.671666666667,105.323611111111,86.4325,85.5088888888889,1
6,1.10142468797746,1.00377462017293,1.00888682341113,14.0919444444444,15.3816666666667,15.4563888888889,13.9063888888889,1485.33611111111,1485.31666666667,1485.39722222222,1485.43611111111,62.0,62.0,63.0,63.0,61.0,61.0,61.0,61.0,3515.97222222222,2971.5,3251.63888888889,3248.97222222222,3117.72222222222,3354.5,3549.61111111111,2614.33333333333,15.5,15.5,10.0,10.0,17.2,17.2,17.7,17.7,86.5552777777778,85.6222222222222,106.9375,105.594722222222,106.668055555556,105.320277777778,86.4269444444445,85.5075,1
7,1.10134759124884,1.00141341287245,1.00786137292518,12.7902777777778,13.9755555555556,14.0613888888889,12.6666666666667,1485.23611111111,1485.20833333333,1485.28888888889,1485.33055555556,62.0,62.0,63.0,63.0,61.0,61.0,61.0,61.0,3580.5,3066.94444444444,3309.05555555556,3283.44444444444,3162.13888888889,3363.55555555556,3571.02777777778,2669.25,15.5,15.5,10.0,10.0,17.2,17.2,17.7,17.7,86.5163888888889,85.6688888888889,106.883611111111,105.665,106.613888888889,105.388611111111,86.3925,85.5547222222222,1
8,1.10445619154687,1.00018187398407,1.00757567114286,11.6602777777778,12.7811111111111,12.8711111111111,11.5658333333333,1485.10277777778,1485.10555555555,1485.2,1485.20555555556,62.0,62.0,63.0,63.0,61.0,61.0,61.0,61.0,3624.41666666667,3145.11111111111,3335.83333333333,3315.05555555556,3219.52777777778,3388.97222222222,3570.86111111111,2741.22222222222,15.5,15.5,10.0,10.0,17.2,17.2,17.7,17.7,86.4877777777777,85.7130555555555,106.837777777778,105.724166666667,106.568055555556,105.448333333333,86.3636111111111,85.5975,1
9,1.10360576203169,1.00632676378178,1.00853552178202,9.3475,10.2255555555556,10.2469444444444,9.20305555555555,1485.2,1485.22222222222,1485.28888888889,1485.30555555556,62.0,62.0,63.0,63.0,61.0,61.0,61.0,61.0,3670.02777777778,3272.72222222222,3385.05555555556,3414.58333333333,3286.58333333333,3414.25,3577.55555555556,2894.88888888889,15.5,15.5,10.0,10.0,17.2,17.2,17.7,17.7,86.4041666666667,85.7866666666667,106.719444444444,105.8275,106.445555555556,105.554166666667,86.2791666666667,85.6697222222222,1
10,1.10715335980003,1.00321504079957,1.00967623187898,7.60777777777778,8.34083333333333,8.39194444444445,7.50555555555556,1485.26388888889,1485.29722222222,1485.375,1485.38333333333,62.0,62.0,63.0,63.0,61.0,61.0,61.0,61.0,3695.91666666667,3378.75,3431.41666666667,3411.94444444444,3314.83333333333,3480.47222222222,3575.47222222222,3012.80555555556,15.5,15.5,10.0,10.0,17.2,17.2,17.7,17.7,86.3447222222222,85.84,106.630833333333,105.903888888889,106.361388888889,105.63,86.2186111111111,85.7219444444444,1
11,1.09954229220066,1.00694784739237,1.01085412684774,7.65666666666667,8.32583333333334,8.35666666666667,7.51555555555555,1485.26388888889,1485.3,1485.38888888889,1485.38055555556,62.0,62.0,63.0,63.0,61.0,61.0,61.0,61.0,3690.47222222222,3379.13888888889,3435.0,3421.30555555556,3316.97222222222,3479.0,3574.58333333333,3007.47222222222,15.5,15.5,10.0,10.0,17.2,17.2,17.7,17.7,86.3452777777778,85.8397222222222,106.631111111111,105.903333333333,106.359166666667,105.630277777778,86.2186111111111,85.7213888888889,1
12,1.10392419215895,1.00702883219974,1.01800217995148,7.67666666666667,8.32194444444444,8.40833333333334,7.47861111111111,1485.26666666667,1485.29722222222,1485.39166666667,1485.38055555556,62.0,62.0,63.0,63.0,61.0,61.0,61.0,61.0,3696.30555555556,3377.11111111111,3435.77777777778,3415.27777777778,3318.41666666667,3481.36111111111,3584.0,3008.41666666667,15.5,15.5,10.0,10.0,17.2,17.2,17.7,17.7,86.3463888888889,85.8383333333333,106.630277777778,105.903611111111,106.359166666667,105.629444444445,86.2183333333333,85.7227777777778,1
13,1.10412811257489,1.00644721668938,1.01129676334594,7.65055555555556,8.35027777777778,8.38861111111111,7.50972222222222,1485.23055555555,1485.25833333333,1485.33888888889,1485.35833333333,62.0,62.0,63.0,63.0,61.0,61.0,61.0,61.0,3678.05555555556,3367.69444444444,3435.66666666667,3411.44444444444,3309.77777777778,3471.11111111111,3579.02777777778,3000.66666666667,15.5,15.5,10.0,10.0,17.2,17.2,17.7,17.7,86.3483333333333,85.8402777777778,106.633611111111,105.906111111111,106.361944444444,105.631388888889,86.22,85.7233333333333,1
14,1.10476889214967,1.00422670509126,1.00738213942097,7.61833333333333,8.35305555555556,8.37805555555556,7.52611111111111,1485.18055555555,1485.20833333333,1485.3,1485.31388888889,62.0,62.0,63.0,63.0,61.0,61.0,61.0,61.0,3683.66666666667,3369.75,3455.80555555556,3411.47222222222,3318.55555555556,3474.61111111111,3581.27777777778,3008.16666666667,15.5,15.5,10.0,10.0,17.2,17.2,17.7,17.7,86.3483333333333,85.8438888888889,106.636944444444,105.908611111111,106.365,105.636111111111,86.2233333333333,85.7258333333333,1
15,1.10317896821032,1.00251361541684,1.01030385868994,7.62666666666667,8.32666666666667,8.38833333333334,7.525,1485.17222222222,1485.20555555555,1485.28055555556,1485.29166666667,62.0,62.0,63.0,63.0,61.0,61.0,61.0,61.0,3653.41666666667,3331.55555555556,3458.94444444444,3417.36111111111,3322.0,3462.83333333333,3587.30555555556,3006.05555555556,15.4305555555556,15.4305555555556,10.0,10.0,17.2,17.2,17.7,17.7,86.35,85.8452777777778,106.638055555556,105.91,106.366388888889,105.635833333333,86.2241666666666,85.7261111111111,1
16,1.1087860532068,1.00519618777248,1.00932158187498,5.25,5.76583333333333,5.78833333333333,5.17055555555556,1485.08333333333,1485.11666666667,1485.20833333333,1485.19722222222,62.0,62.0,63.0,63.0,61.0,61.0,61.0,61.0,3543.33333333333,3319.41666666667,3457.66666666667,3460.38888888889,3398.66666666667,3489.72222222222,3524.44444444444,3142.80555555556,15.0,15.0,10.0,10.0,17.2,17.2,17.7,17.7,86.275,85.9275,106.531666666667,106.028888888889,106.258888888889,105.754166666667,86.1519444444445,85.8097222222222,1
17,1.10344149963261,1.00295328441024,1.00895166752348,16.3572222222222,17.8863888888889,17.9883333333333,16.1544444444444,1485.22222222222,1485.19444444444,1485.275,1485.34722222222,61.2777777777778,61.2777777777778,63.0,63.0,61.0,61.0,61.0,61.0,3505.86111111111,2997.94444444444,3178.69444444444,3164.38888888889,3033.94444444444,3290.61111111111,3621.11111111111,2539.11111111111,15.9166666666667,15.9166666666667,10.0,10.0,17.2,17.2,18.0694444444445,18.0694444444445,86.6372222222222,85.5527777777778,107.054444444444,105.495833333333,106.785833333333,105.218888888889,86.5072222222222,85.4372222222222,1
18,1.09943475973045,1.00181270838054,1.00834618819518,16.4516666666667,17.9361111111111,18.0477777777778,16.2777777777778,1484.18888888889,1483.59166666667,1483.65277777778,1483.775,61.1388888888889,61.1388888888889,63.0,63.0,61.0,61.0,61.0,61.0,3522.33333333333,3029.02777777778,3185.25,3177.94444444444,3031.25,3300.52777777778,3552.02777777778,2594.11111111111,16.2222222222222,16.2222222222222,10.2,10.2,17.3,17.3,18.4916666666667,18.5166666666667,86.7008333333333,85.6083333333333,107.171388888889,105.603611111111,106.905555555556,105.3275,86.6033333333333,85.5261111111111,1
19,1.10204492613002,1.00681639430219,1.01106946439206,15.315,16.6877777777778,16.755,15.0311111111111,1484.83333333333,1484.31666666667,1484.36388888889,1484.37222222222,62.0,62.0,63.0,63.0,61.0,61.0,61.0,61.0,3455.58333333333,2902.25,3224.77777777778,3224.16666666667,3097.0,3342.80555555556,3569.38888888889,2557.61111111111,15.6,15.6,10.2,10.2,17.3,17.3,18.0,18.0,86.6238888888889,85.6072222222222,107.0675,105.610277777778,106.798055555556,105.333888888889,86.5275,85.5283333333334,1
20,1.09924908605869,1.00573025328286,1.00753066122418,14.1544444444444,15.4388888888889,15.4652777777778,13.9594444444444,1485.3,1484.78611111111,1484.83055555556,1484.88611111111,62.0,62.0,63.0,63.0,61.0,61.0,61.0,61.0,3530.41666666667,2977.25,3255.19444444444,3252.11111111111,3123.27777777778,3385.27777777778,3586.72222222222,2650.58333333333,15.6,15.6,10.2,10.2,17.3,17.3,18.0,18.0,86.5577777777778,85.6197222222222,106.978333333333,105.629444444444,106.705555555556,105.355277777778,86.4611111111111,85.5355555555556,1
21,1.1011845368056,1.00452394865318,1.00931515649652,14.1602777777778,15.4458333333333,15.5161111111111,13.9566666666667,1485.58333333333,1485.05833333333,1485.125,1485.125,62.0,62.0,63.0,63.0,61.0,61.0,61.0,61.0,3509.77777777778,2998.44444444444,3277.66666666667,3270.30555555556,3135.58333333333,3356.91666666667,3605.61111111111,2635.97222222222,15.6,15.6,10.2,10.2,17.3,17.3,18.0,18.0,86.5416666666667,85.6038888888889,106.958333333333,105.611388888889,106.688333333333,105.335,86.4466666666667,85.5247222222222,1
22,1.09824533748436,1.00415937364726,1.00829820739861,14.1891666666667,15.4519444444444,15.5127777777778,14.0055555555556,1485.78888888889,1485.28333333333,1485.36944444444,1485.36944444445,62.0,62.0,63.0,63.0,61.0,61.0,61.0,61.0,3502.75,2991.0,3248.72222222222,3254.55555555556,3129.66666666667,3375.44444444444,3607.63888888889,2648.94444444444,15.6,15.6,10.2,10.2,17.3,17.3,18.0,18.0,86.5322222222222,85.5916666666666,106.941111111111,105.594444444444,106.671388888889,105.320555555556,86.435,85.5069444444444,1
23,1.1051228960065,1.00548351171263,1.00870642063072,14.1236111111111,15.4694444444444,15.5166666666667,13.915,1485.99722222222,1485.48611111111,1485.55833333333,1485.56388888889,62.0,62.0,63.0,63.0,61.0,61.0,61.0,61.0,3505.0,2982.66666666667,3275.91666666667,3277.72222222222,3123.61111111111,3354.27777777778,3609.91666666667,2648.02777777778,15.6,15.6,10.2,10.2,17.3,17.3,18.0,18.0,86.5166666666667,85.5805555555555,106.926944444444,105.581666666667,106.656388888889,105.304722222222,86.4208333333333,85.4963888888889,1
24,1.1004552681737,1.00707747475701,1.00963764350168,14.1866666666667,15.4577777777778,15.4952777777778,13.9408333333333,1485.67222222222,1485.15555555556,1485.23333333333,1485.24166666667,62.0,62.0,63.0,63.0,61.0,61.0,61.0,61.0,3512.83333333333,2986.22222222222,3272.52777777778,3243.47222222222,3128.58333333333,3356.52777777778,3592.88888888889,2629.75,15.6,15.6,10.2,10.2,17.3,17.3,18.0,18.0,86.5361111111111,85.5986111111111,106.950277777778,105.603611111111,106.68,105.327777777778,86.4413888888889,85.5163888888889,1
25,1.10062762744982,1.00730821820925,1.01473678232722,14.2361111111111,15.4361111111111,15.5447222222222,13.9122222222222,1484.98333333333,1484.48611111111,1484.55833333333,1484.57777777778,62.0,62.0,63.0,63.0,61.0,61.0,61.0,61.0,3511.91666666667,2992.63888888889,3254.88888888889,3254.77777777778,3128.13888888889,3357.30555555556,3552.27777777778,2638.13888888889,15.6,15.6,10.2,10.2,17.3,17.3,18.0,18.0,86.5758333333333,85.6391666666667,106.995,105.651111111111,106.730833333333,105.374166666667,86.4783333333333,85.5569444444445,1
26,1.09899116594401,1.00291996409373,1.00909740118608,12.9255555555556,14.075,14.1577777777778,12.7641666666667,1484.60277777778,1484.08888888889,1484.18611111111,1484.16111111111,62.0,62.0,63.0,63.0,61.0,61.0,61.0,61.0,3569.83333333333,3071.11111111111,3291.25,3293.72222222222,3182.25,3374.41666666667,3594.27777777778,2705.52777777778,15.6,15.6,10.2,10.2,17.3,17.3,18.0,18.0,86.5561111111111,85.7019444444445,106.969166666667,105.736944444444,106.698333333333,105.46,86.465,85.6177777777778,1
27,1.10208531605006,1.00286957220417,1.01138878642567,11.615,12.6547222222222,12.7572222222222,11.4430555555556,1484.60833333333,1484.11388888889,1484.18055555555,1484.15833333333,62.0,62.0,63.0,63.0,61.0,61.0,61.0,61.0,3584.33333333333,3120.61111111111,3325.38888888889,3339.52777777778,3223.80555555556,3401.55555555556,3626.66666666667,2789.33333333333,15.6,15.6,10.2,10.2,17.3,17.3,18.0,18.0,86.5161111111111,85.7444444444444,106.903333333333,105.799444444444,106.637222222222,105.522777777778,86.4205555555556,85.6625,1
28,1.10251390433816,1.00429809554779,1.01086555646969,9.43888888888889,10.2925,10.3566666666667,9.29027777777778,1484.9,1484.43333333333,1484.51388888889,1484.48888888889,62.0,62.0,63.0,63.0,61.0,61.0,61.0,61.0,3646.83333333333,3268.38888888889,3395.47222222222,3360.52777777778,3304.52777777778,3466.44444444444,3617.27777777778,2922.11111111111,15.6,15.6,10.2,10.2,17.3,17.3,18.0,18.0,86.4244444444445,85.7991666666667,106.776666666667,105.879166666667,106.508055555556,105.605277777778,86.3286111111111,85.7136111111111,1
29,1.09725802671666,1.00494614390349,1.00930931449593,7.76166666666667,8.43611111111111,8.47111111111111,7.64694444444445,1484.89722222222,1484.40555555556,1484.49722222222,1484.44166666667,62.0,62.0,63.0,63.0,61.0,61.0,61.0,61.0,3692.30555555556,3328.91666666667,3418.22222222222,3434.83333333333,3317.16666666667,3457.83333333333,3592.41666666667,3012.77777777778,15.6,15.6,10.2,10.2,17.3,17.3,18.0,18.0,86.3694444444444,85.8563888888889,106.698333333333,105.961944444444,106.426944444444,105.6875,86.2775,85.7694444444445,1
30,1.10555343892306,1.00792401252617,1.01088124198635,7.73083333333333,8.45166666666666,8.47527777777778,7.58,1484.76666666667,1484.29444444444,1484.375,1484.325,62.0,62.0,63.0,63.0,61.0,61.0,61.0,61.0,3688.11111111111,3349.47222222222,3443.13888888889,3409.33333333333,3313.55555555556,3469.0,3611.72222222222,3020.69444444444,15.6,15.6,10.2,10.2,17.3,17.3,18.0,18.0,86.3780555555556,85.8630555555555,106.709166666667,105.970277777778,106.436111111111,105.696388888889,86.2819444444445,85.7797222222223,1
31,1.1008160612407,1.00693354490419,1.00901258654328,7.75694444444445,8.46,8.47666666666666,7.62861111111111,1484.82222222222,1484.34444444444,1484.43611111111,1484.38888888889,62.0,62.0,63.0,63.0,61.0,61.0,61.0,61.0,3689.97222222222,3347.63888888889,3434.52777777778,3420.22222222222,3307.91666666667,3467.94444444444,3598.11111111111,3015.33333333333,15.6,15.6,10.2,10.2,17.3,17.3,18.0,18.0,86.375,85.8597222222222,106.704722222222,105.965,106.433333333333,105.691111111111,86.2791666666667,85.7744444444445,1
32,1.10213896975066,1.00260093702632,1.00785783365571,7.72361111111111,8.445,8.48722222222222,7.63944444444445,1484.96944444444,1484.49166666667,1484.57222222222,1484.54166666667,62.0,62.0,63.0,63.0,61.0,61.0,61.0,61.0,3688.05555555556,3337.69444444444,3399.80555555556,3426.16666666667,3341.22222222222,3447.41666666667,3588.25,3031.05555555556,15.6,15.6,10.2,10.2,17.3,17.3,18.0,18.0,86.3652777777778,85.8533333333333,106.693333333333,105.955833333333,106.420833333333,105.681666666667,86.2713888888889,85.7663888888889,1
33,1.10565360129142,1.00405676011601,1.00828633705844,7.70694444444445,8.44944444444444,8.48333333333333,7.60777777777778,1484.93611111111,1484.46388888889,1484.53888888889,1484.49444444444,62.0,62.0,63.0,63.0,61.0,61.0,61.0,61.0,3683.66666666667,3333.02777777778,3403.19444444444,3427.30555555556,3325.36111111111,3439.13888888889,3590.41666666667,3021.19444444444,15.6,15.6,10.2,10.2,17.3,17.3,18.0,18.0,86.3655555555555,85.8563888888889,106.695277777778,105.958888888889,106.424722222222,105.684166666667,86.2741666666667,85.7691666666667,1
34,1.10020246574352,1.00626856392899,1.01019119300978,7.74916666666667,8.43722222222222,8.46861111111111,7.61694444444445,1484.81666666667,1484.33611111111,1484.4,1484.39444444445,62.0,62.0,63.0,63.0,61.0,61.0,61.0,61.0,3684.0,3351.30555555556,3434.19444444444,3413.66666666667,3306.02777777778,3473.44444444444,3581.66666666667,3018.33333333333,15.6,15.6,10.2,10.2,17.3,17.3,18.0,18.0,86.3738888888889,85.8605555555556,106.703611111111,105.966388888889,106.4325,105.693611111111,86.2805555555556,85.7755555555556,1
35,1.10061111548247,1.00425425425425,1.00661438629018,5.32555555555556,5.82166666666667,5.83472222222222,5.26527777777778,1484.98611111111,1484.51666666667,1484.58611111111,1484.55833333333,62.0,62.0,63.0,63.0,61.0,61.0,61.0,61.0,3692.47222222222,3482.36111111111,3464.25,3430.16666666667,3370.44444444444,3493.88888888889,3575.5,3161.75,15.6,15.6,10.2,10.2,17.3,17.3,18.0,18.0,86.2847222222222,85.93,106.577222222222,106.068055555556,106.305277777778,105.795833333333,86.1927777777778,85.8430555555555,1
36,1.10467445308639,1.01123567575629,1.01018633540373,5.39916666666667,5.90111111111111,5.89527777777778,5.27944444444445,1485.46944444444,1485.08055555555,1485.16944444444,1485.21111111111,61.0,61.0,63.0,63.0,61.0,61.0,61.0,61.0,3814.75,3813.88888888889,3430.33333333333,3483.72222222222,3184.75,3338.30555555556,3737.33333333333,3280.88888888889,17.6,17.6,9.80000000000001,9.80000000000001,16.5,16.5,18.2,18.2,86.2586111111112,85.9005555555556,106.54,106.023611111111,106.266666666667,105.750555555556,86.155,85.8036111111111,1
37,1.10103314599447,1.00128975265018,1.00525775385923,7.51361111111111,8.22888888888889,8.26,7.46222222222222,1485.73888888889,1485.32222222222,1485.41666666667,1485.48333333333,61.0,61.0,63.0,63.0,61.0,61.0,61.0,61.0,3771.94444444444,3733.77777777778,3403.88888888889,3425.52777777778,3103.61111111111,3355.47222222222,3751.80555555556,3153.75,17.6,17.6,9.80000000000001,9.80000000000001,16.5,16.5,18.2,18.2,86.3138888888889,85.8138888888889,106.622222222222,105.906944444444,106.351111111111,105.63,86.2111111111111,85.7158333333333,1
38,1.08886264668979,1.00734081600085,1.01047789873732,7.59694444444444,8.18388888888889,8.20833333333334,7.4575,1486.00555555556,1485.61111111111,1485.70277777778,1485.73888888889,61.0,61.0,63.0,63.0,61.0,61.0,61.0,61.0,3750.30555555556,3710.58333333333,3390.80555555556,3446.66666666667,3098.52777777778,3354.97222222222,3757.11111111111,3148.11111111111,17.6,17.6,9.80000000000001,9.80000000000001,16.5,16.5,18.2,18.2,86.2969444444444,85.7988888888889,106.600555555556,105.887777777778,106.328888888889,105.612777777778,86.1958333333333,85.7027777777778,1
39,1.09734332677823,1.00405949194306,1.00972409869871,7.54027777777778,8.19305555555555,8.23722222222222,7.4325,1486.23611111111,1485.83611111111,1485.93055555556,1485.96944444444,61.0,61.0,63.0,63.0,61.0,61.0,61.0,61.0,3776.97222222222,3724.13888888889,3405.91666666667,3438.86111111111,3090.94444444444,3344.75,3759.52777777778,3162.27777777778,17.6,17.6,9.80000000000001,9.80000000000001,16.5,16.5,18.2,18.2,86.2833333333334,85.7872222222222,106.584444444444,105.872222222222,106.314444444444,105.597222222222,86.1822222222222,85.6902777777778,1
40,1.09417969834367,1.0078604634657,1.00828807723707,7.56805555555556,8.21,8.21333333333333,7.44166666666667,1486.41666666667,1486.02777777778,1486.12222222222,1486.15833333333,61.0,61.0,63.0,63.0,61.0,61.0,61.0,61.0,3780.08333333333,3749.36111111111,3392.80555555556,3447.88888888889,3100.19444444444,3339.44444444444,3752.69444444444,3149.16666666667,17.6,17.6,9.80000000000001,9.80000000000001,16.5,16.5,18.2,18.2,86.2741666666667,85.7763888888889,106.573333333333,105.857777777778,106.299444444444,105.584166666667,86.1702777777778,85.6786111111111,1
41,1.09606290451199,1.00603446745825,1.00963692614061,7.55055555555556,8.19472222222222,8.22277777777778,7.42805555555556,1486.56944444444,1486.15277777778,1486.25555555556,1486.30555555556,61.0,61.0,63.0,63.0,61.0,61.0,61.0,61.0,3745.61111111111,3716.36111111111,3385.22222222222,3422.72222222222,3110.22222222222,3363.61111111111,3751.83333333333,3138.63888888889,17.6,17.6,9.80000000000001,9.80000000000001,16.5,16.5,18.2,18.2,86.2661111111111,85.7652777777778,106.561944444444,105.847222222222,106.289444444444,105.573055555556,86.1619444444445,85.6716666666667,1
42,1.09279247588543,1.00272846461855,1.0058202466507,7.53527777777778,8.18583333333333,8.21,7.46833333333333,1486.74166666667,1486.35277777778,1486.43888888889,1486.48888888889,61.0,61.0,63.0,63.0,61.0,61.0,61.0,61.0,3776.11111111111,3720.72222222222,3413.77777777778,3451.77777777778,3082.69444444444,3332.80555555556,3748.63888888889,3153.88888888889,17.6,17.6,9.80000000000001,9.80000000000001,16.5,16.5,18.2,18.2,86.2541666666667,85.7561111111111,106.548611111111,105.836666666667,106.276388888889,105.562222222222,86.1527777777778,85.6583333333333,1
43,1.09350233013743,1.0028397796331,1.00551653538829,9.39888888888889,10.22,10.2461111111111,9.31722222222222,1486.99166666667,1486.56944444444,1486.64722222222,1486.69444444444,61.0,61.0,63.0,63.0,61.0,61.0,61.0,61.0,3713.61111111111,3661.33333333333,3342.5,3406.13888888889,3030.19444444444,3328.77777777778,3565.80555555556,2875.66666666667,17.6,17.6,9.80000000000001,9.80000000000001,16.5,16.5,17.8,17.8,86.3016666666667,85.6805555555556,106.620277777778,105.731944444444,106.348333333333,105.459166666667,86.2030555555556,85.5847222222222,1
44,1.09427478211578,1.00111712931618,1.0086649223555,11.8208333333333,12.8233333333333,12.9158333333333,11.7008333333333,1487.49722222222,1487.06944444444,1487.16944444444,1487.23611111111,61.0,61.0,63.0,63.0,61.0,61.0,61.0,61.0,3608.61111111111,3555.0,3274.91666666667,3342.11111111111,2916.0,3291.97222222222,3575.27777777778,2730.22222222222,17.6,17.6,9.80000000000001,9.80000000000001,16.5,16.5,17.8,17.8,86.3547222222222,85.5713888888889,106.698888888889,105.5825,106.428611111111,105.304722222222,86.2502777777778,85.4769444444444,1
45,1.09669612567255,1.0049383226233,1.0070118104536,12.9355555555556,14.0844444444444,14.1122222222222,12.775,1487.78333333333,1487.36666666667,1487.46666666667,1487.51944444444,61.0,61.0,63.0,63.0,61.0,61.0,61.0,61.0,3534.69444444444,3493.22222222222,3232.41666666667,3294.44444444444,2861.08333333333,3296.36111111111,3563.88888888889,2656.16666666667,17.6,17.6,9.80000000000001,9.80000000000001,16.5,16.5,17.8,17.8,86.3736111111111,85.5169444444445,106.730555555556,105.507777777778,106.458055555556,105.233055555555,86.27,85.4238888888889,1
46,1.09359089695807,1.00453396688974,1.00631910035717,14.1286111111111,15.3508333333333,15.3769444444444,13.9694444444444,1488.0,1487.55,1487.63611111111,1487.7,61.0,61.0,63.0,63.0,61.0,61.0,61.0,61.0,3653.77777777778,3605.27777777778,3182.63888888889,3267.27777777778,2804.80555555556,3276.63888888889,3551.11111111111,2596.97222222222,18.0444444444445,18.0444444444445,9.80000000000001,9.80000000000001,16.5,16.5,17.8,17.8,86.3980555555555,85.4688888888889,106.771388888889,105.443055555556,106.500555555556,105.165833333333,86.2972222222222,85.3772222222222,1
47,1.10023502698827,1.00071151419708,1.00114816009717,13.96,15.3411111111111,15.3475,13.9327777777778,1486.41388888889,1485.99722222222,1486.06944444444,1486.11944444444,61.0,61.0,63.0,63.0,61.0,61.0,61.0,61.0,3693.25,3619.80555555556,3183.52777777778,3266.72222222222,2812.97222222222,3261.83333333333,3536.47222222222,2580.61111111111,18.1,18.1,9.80000000000001,9.80000000000001,16.5,16.5,17.8,17.8,86.49,85.5586111111111,106.885277777778,105.550277777778,106.614166666667,105.274444444444,86.3852777777778,85.4688888888889,1
48,1.09574637565716,1.0047814532951,1.00803289479961,14.0422222222222,15.2608333333333,15.3080555555556,13.8555555555556,1485.26111111111,1484.81944444444,1484.9,1484.98333333333,61.0,61.0,63.0,63.0,61.0,61.0,61.0,61.0,3636.77777777778,3632.91666666667,3194.25,3274.25,2812.36111111111,3255.66666666667,3557.77777777778,2568.86111111111,18.1,18.1,9.80000000000001,9.80000000000001,16.5,16.5,17.8027777777778,17.8027777777778,86.5558333333333,85.6277777777778,106.967222222222,105.635833333333,106.698333333333,105.360555555556,86.4533333333333,85.5325,1
49,1.09507542279467,1.00265790822623,1.00919973715037,14.0725,15.2680555555556,15.3633333333333,13.8994444444444,1484.31111111111,1483.82777777778,1483.95277777778,1484.01388888889,61.0,61.0,63.0,63.0,61.0,61.0,61.0,61.0,3659.0,3611.05555555556,3176.75,3259.55555555556,2825.27777777778,3266.72222222222,3623.41666666667,2623.05555555556,18.1,18.1,9.80000000000001,9.80000000000001,16.5,16.5,17.9,17.9,86.6152777777778,85.6816666666666,107.040277777778,105.702222222222,106.768611111111,105.424722222222,86.5130555555556,85.5861111111111,1
50,1.09442801278361,1.0,1.00528351372668,14.0322222222222,15.2763888888889,15.3536111111111,13.955,1483.51666666667,1483.05833333333,1483.14166666667,1483.24722222222,61.0,61.0,63.0,63.0,61.0,61.0,61.0,61.0,3683.27777777778,3614.86111111111,3184.75,3267.52777777778,2822.58333333333,3261.13888888889,3608.75,2601.19444444444,18.1,18.1,9.80000000000001,9.80000000000001,16.5,16.5,17.9,17.9,86.6569444444444,85.7269444444444,107.094722222222,105.760277777778,106.825555555556,105.483333333333,86.5566666666667,85.63,1
51,1.0929253506617,1.00167686681699,1.00618133824549,14.0786111111111,15.2911111111111,15.3569444444444,13.9636111111111,1482.75,1482.28333333333,1482.39166666667,1482.49722222222,61.0,61.0,63.0,63.0,61.0,61.0,61.0,61.0,3660.27777777778,3635.19444444444,3188.0,3277.58333333333,2826.36111111111,3278.75,3639.94444444444,2628.86111111111,18.1,18.1,9.80000000000001,9.80000000000001,16.5,16.5,17.9583333333333,17.9583333333333,86.7033333333333,85.77,107.150555555556,105.813611111111,106.879444444444,105.535277777778,86.6005555555556,85.6758333333333,1
52,1.0938316493395,0.999031861355567,1.00082933216936,15.2019444444444,16.6152777777778,16.6438888888889,15.2041666666667,1483.81944444444,1483.35,1483.43888888889,1483.55,61.0,61.0,63.0,63.0,61.0,61.0,61.0,61.0,3546.11111111111,3473.91666666667,3134.94444444444,3237.83333333333,2777.94444444444,3249.16666666667,3597.86111111111,2537.27777777778,17.9166666666667,17.9166666666667,9.80000000000001,9.80000000000001,16.5,16.5,17.9083333333333,17.9083333333333,86.6813888888889,85.6669444444445,107.130277777778,105.680833333333,106.860555555556,105.404166666667,86.5802777777778,85.5733333333333,1
53,1.09690347620654,1.00189294776269,1.00572198728089,16.5266666666667,18.0233333333333,18.0891666666667,16.3955555555556,1485.18055555556,1484.69722222222,1484.78888888889,1484.94444444444,61.0,61.0,63.0,63.0,61.0,61.0,61.0,61.0,3549.41666666667,3639.75,3078.47222222222,3190.25,2706.75,3232.08333333333,3560.75,2519.19444444444,18.5361111111111,18.5361111111111,9.80000000000001,9.80000000000001,16.5,16.5,18.2583333333333,18.2444444444445,86.6419444444444,85.5486111111111,107.094722222222,105.522222222222,106.823055555556,105.248611111111,86.5366666666667,85.4533333333333,1
54,1.07636467940514,1.01410440254265,1.01535529190046,6.39027777777778,6.77138888888889,6.77944444444444,6.19916666666667,1508.56388888889,1484.10555555556,1483.98333333333,1484.01944444444,69.75,69.0,69.7222222222222,69.6944444444444,61.0,61.0,61.0,61.0,4307.27777777778,4370.02777777778,3142.80555555556,3193.63888888889,3260.75,3467.97222222222,3690.25,3205.63888888889,323.505555555556,323.505555555556,11.8,11.6111111111111,17.2444444444445,17.2444444444445,18.5666666666667,18.5666666666667,86.2508333333333,86.8958333333333,106.646944444444,106.057222222222,106.390833333333,105.796666666667,86.2536111111111,85.8433333333333,2
55,1.08942219845355,1.00704210278473,1.0132474503489,6.29861111111111,6.77027777777778,6.81027777777778,6.16722222222222,1511.95277777778,1488.35277777778,1484.33888888889,1484.4,67.6388888888889,70.0833333333333,65.9166666666667,65.8888888888889,61.0,61.0,61.0,61.0,4943.77777777778,4877.83333333333,3116.16666666667,3140.61111111111,3218.94444444444,3437.72222222222,3650.16666666667,3191.77777777778,322.875,322.875,11.6055555555556,11.6611111111111,17.4305555555556,17.4694444444444,18.5305555555556,18.5305555555556,86.2544444444445,85.8308333333333,106.368333333333,105.779166666667,106.363333333333,105.769722222222,86.2308333333333,85.8211111111111,2
56,1.07705612346719,1.016598850352,1.02199676200755,6.38777777777778,6.72888888888889,6.76333333333333,6.13916666666667,1253.15555555556,1484.61388888889,1484.56111111111,1484.60833333333,65.1666666666667,65.1666666666667,62.9722222222222,62.9722222222222,61.0,61.0,61.0,61.0,1271.66666666667,1518.05555555556,3183.61111111111,3231.22222222222,3369.47222222222,3597.88888888889,3703.13888888889,3209.38888888889,710.683333333333,710.683333333333,11.1694444444444,11.2166666666667,17.3083333333333,17.3083333333333,18.3305555555555,18.3305555555555,106.829444444444,107.468055555556,106.61,106.022222222222,106.346944444444,105.758055555556,86.2177777777777,85.8105555555555,2
57,1.15829313720808,0.959481431699438,0.963525373653111,5.57,6.72388888888889,6.75027777777778,6.06277777777778,1077.95277777778,1484.91666666667,1484.88611111111,1484.93333333333,59.2222222222222,59.9722222222222,62.9444444444444,62.9444444444444,61.0,61.0,61.0,61.0,9136.0,9251.0,3260.27777777778,3393.91666666667,3363.02777777778,3600.08333333333,3681.61111111111,3198.16666666667,657.680555555556,657.680555555556,11.3694444444444,11.3166666666667,17.2388888888889,17.2388888888889,18.3805555555555,18.3805555555555,119.998055555556,119.579722222222,106.587222222222,106.001111111111,106.323888888889,105.735,86.1966666666667,85.7955555555556,2
58,1.10147042060869,1.00987702773417,1.01136809949815,6.16,6.70583333333333,6.71527777777778,6.02472222222222,1026.9,1485.19444444444,1485.12777777778,1485.175,61.7222222222222,62.4166666666667,64.4444444444444,65.2222222222222,61.0,61.0,61.0,61.0,1609.0,4039.0,3281.52777777778,3475.86111111111,3311.88888888889,3539.47222222222,3688.25,3214.44444444444,146.977777777778,146.977777777778,11.4194444444444,11.4194444444444,17.2111111111111,17.225,18.4,18.4,124.73,124.3,106.565555555556,105.981111111111,106.304166666667,105.718055555556,86.1811111111111,85.7811111111111,2
59,1.06464065614333,1.00092142365506,1.01157353154541,12.2025,12.8422222222222,12.9747222222222,12.0469444444444,1420.21666666667,1523.33888888889,1533.05555555556,1549.91666666667,68.4444444444444,68.4444444444444,68.9722222222222,70.5277777777778,65.5277777777778,63.9722222222222,65.8611111111111,65.8611111111111,3632.97222222222,4995.41666666667,2615.97222222222,3268.52777777778,2377.25,3345.08333333333,2877.55555555556,2648.5,432.488888888889,432.488888888889,144.091666666667,144.3,88.9666666666667,89.05,25.5,25.1638888888889,93.7458333333333,92.9336111111111,104.801666666667,103.954166666667,103.438055555556,102.315,83.3847222222222,82.5855555555555,2
60,1.05543712439052,0.994904584773183,0.997388516082114,12.2,12.9119444444444,12.9433333333333,12.2972222222222,1454.3,1553.28333333333,1513.22777777778,1507.33333333333,66.1666666666667,64.3888888888889,66.5277777777778,68.1666666666667,67.8611111111111,67.0833333333333,67.9444444444444,67.9166666666667,955.972222222222,2336.83333333333,2032.30555555556,2672.97222222222,2249.83333333333,3257.69444444444,3514.5,3505.69444444444,41.4138888888889,41.4138888888889,467.5,542.777777777778,177.061111111111,177.233333333333,113.941666666667,114.213888888889,89.7013888888889,85.7233333333333,102.398333333333,101.264444444444,105.535833333333,104.410277777778,86.4152777777778,85.61,2
61,1.10913675396655,0.0024420576596947,1.09835522423381,9.38388888888889,0.06,12.8919444444444,11.6775,1303.9,1204.7,1478.03888888889,1169.63611111111,63.4444444444444,63.5277777777778,63.1666666666667,64.0555555555556,66.3888888888889,65.5,64.1388888888889,65.0833333333333,2696.0,2654.0,1679.0,2030.0,1060.63888888889,1840.52777777778,3300.69444444444,3984.83333333333,46.5694444444444,46.5694444444444,46.8277777777778,45.6194444444445,305.483333333333,303.186111111111,140.638888888889,228.052777777778,96.17,99.9699999999999,118.97,143.08,109.31,106.635277777778,113.681111111111,112.9725,2
62,1.0980054290098,0.993920563525627,0.993473360770636,11.69,12.9241666666667,12.9186111111111,11.8461111111111,1036.89444444444,1494.58333333333,1532.83055555556,1527.26944444444,67.3611111111111,66.5277777777778,68.3333333333333,69.1388888888889,66.3333333333333,66.3333333333333,66.3055555555556,68.0833333333333,1518.0,1397.0,2094.88888888889,2505.19444444444,2877.25,4081.80555555556,1811.19444444444,2481.55555555556,217.780555555556,217.780555555556,259.686111111111,260.297222222222,192.325,178.347222222222,354.116666666667,354.116666666667,124.2,123.352222222222,107.230833333333,105.839444444444,104.188611111111,103.058055555556,84.5775,83.7822222222222,2
63,1.05654711121728,1.00036513310761,1.00404602491908,12.2372222222222,12.8769444444444,12.9230555555556,12.1819444444444,1547.71388888889,1534.91388888889,1522.50555555556,1531.83055555556,67.6666666666667,66.8611111111111,66.5555555555556,67.3055555555556,67.1944444444444,68.0,67.6111111111111,66.0277777777778,2287.16666666667,4242.36111111111,2360.08333333333,3176.13888888889,2063.13888888889,3067.41666666667,2740.66666666667,2825.88888888889,434.766666666667,434.766666666667,218.686111111111,218.513888888889,150.188888888889,150.011111111111,24.4916666666667,24.5694444444444,84.0080555555556,83.185,103.606666666667,102.483611111111,104.135277777778,103.003055555556,84.3002777777778,83.5105555555556,2
64,2.22450728363325,0.530296868645791,0.540319279574294,0.14,12.9,13.06,11.53,1383.5,1086.5,1622.3,1022.0,59.6666666666667,57.0,61.6944444444444,60.6666666666667,59.8055555555556,58.9722222222222,63.5,62.8611111111111,1637.0,2895.0,5813.0,7081.0,1141.0,2029.0,1420.0,1586.0,46.8638888888889,46.8638888888889,45.7555555555556,45.8555555555555,45.7027777777778,46.2888888888889,42.9611111111111,43.675,98.77,86.09,145.84,144.71,97.6199999999999,96.48,125.33,124.56,2
65,2.06249999999999,0.511238891792995,0.520778537611783,0.14,12.9,13.06,12.4466666666667,1383.5,1086.5,1086.4,1022.96666666667,58.1388888888889,58.0,61.4444444444444,63.3333333333333,56.8055555555556,56.6944444444444,62.0277777777778,62.1388888888889,1637.0,2895.0,5813.0,7081.0,1141.0,2029.0,1420.0,1586.0,45.0111111111111,45.0111111111111,47.7055555555556,45.825,48.3944444444444,48.5111111111111,138.991666666667,139.783333333333,98.77,86.09,145.84,144.71,145.5,144.34,125.246666666667,124.41,2
66,196.283333333333,0.980424962355697,1.00559132497459,0.03,19.5033333333333,19.7533333333333,0.17,1796.4,1504.21666666667,1175.11944444444,1461.9,58.4722222222222,59.4166666666667,64.9166666666667,64.1388888888889,59.3055555555556,59.0555555555556,59.1111111111111,59.0277777777778,5326.0,9459.0,2364.91666666667,5722.27777777778,918.333333333333,2295.0,1639.0,3220.0,48.0611111111111,48.0611111111111,298.444444444444,298.308333333333,134.230555555556,134.975,45.0388888888889,45.875,71.75,70.6,106.052222222222,104.065,137.071666666667,135.299722222222,88.19,86.5100000000001,2
67,196.5,1.05622071837585,0.933431228585414,0.03,20.26,19.04,0.17,1796.4,1627.8,1088.4,1461.9,55.0555555555556,55.0277777777778,56.1388888888889,57.9444444444444,62.5833333333333,60.75,58.9444444444444,57.8888888888889,5326.0,9459.0,985.0,1484.0,1370.0,4741.0,1639.0,3220.0,48.5555555555556,48.5555555555556,48.1527777777778,48.7416666666667,44.5083333333333,43.9944444444444,46.7027777777778,47.1916666666667,71.75,70.6,97.85,96.08,145.48,143.82,88.19,86.5100000000001,2
68,1.10300614675375,1.01069788797061,1.00894536446626,2.92194444444444,3.19277777777778,3.1875,2.8625,1484.71111111111,1484.28333333333,1484.38055555556,1484.40277777778,61.8055555555556,61.8055555555556,63.0,63.0,61.0,61.0,61.0,61.0,3778.86111111111,3797.19444444444,3609.75,3645.0,3436.19444444444,3516.61111111111,3677.55555555556,3449.63888888889,17.4861111111111,17.4861111111111,10.2,10.2,17.0,17.0,18.2,18.2,86.2194444444444,86.0277777777778,106.48,106.2,106.204722222222,105.927777777778,86.1205555555555,85.93,2
69,1.10942610764199,1.00906258850184,1.01248226950355,2.83416666666667,3.10416666666667,3.11416666666667,2.77083333333333,1484.96388888889,1484.54722222222,1484.63611111111,1484.70555555556,62.6111111111111,61.7777777777778,63.0,63.0,61.0,61.0,61.0,61.0,3628.61111111111,3616.25,3635.02777777778,3630.75,3393.75,3505.36111111111,3657.61111111111,3430.58333333333,17.7722222222222,17.7722222222222,10.2,10.2,17.0,17.0,18.2,18.2,86.1991666666666,86.0116666666667,106.453888888889,106.181666666667,106.18,105.910277777778,86.1,85.9180555555556,2
70,1.10147022177922,1.00714013709063,1.0091485205127,2.81055555555556,3.06666666666667,3.0725,2.76305555555556,1500.66944444444,1485.06666666667,1485.16388888889,1485.2,62.6944444444444,64.25,63.0,63.0,61.0,61.0,61.0,61.0,3445.61111111111,3647.69444444444,3613.80555555556,3613.77777777778,3422.97222222222,3491.5,3647.80555555556,3413.52777777778,17.875,17.875,10.1944444444444,10.1944444444444,17.0,17.0,18.2,18.2,85.5988888888889,85.8847222222222,106.417222222222,106.149722222222,106.140833333333,105.875277777778,86.07,85.8891666666667,2
71,1.09239157873479,1.01831109379566,1.02037732169844,2.80611111111111,3.00222222222222,3.00805555555556,2.69583333333333,1515.60555555556,1485.625,1485.70277777778,1485.73888888889,67.1111111111111,67.0277777777778,63.0,63.0,61.0,61.0,61.0,61.0,3409.61111111111,3307.47222222222,3339.30555555556,3416.5,3426.58333333333,3468.83333333333,3645.61111111111,3403.02777777778,411.180555555556,411.180555555556,9.69999999999999,9.69999999999999,17.0,17.0,18.2,18.2,85.5627777777778,85.2911111111111,106.373611111111,106.112222222222,106.100555555555,105.84,86.0386111111111,85.8597222222222,2
72,1.10361334156887,1.01493861854755,1.01722606120434,2.74361111111111,2.97472222222222,2.98111111111111,2.65305555555556,1232.49722222222,1490.08055555556,1486.30833333333,1486.33888888889,67.1111111111111,66.1944444444444,65.1388888888889,66.75,61.0,61.0,61.0,61.0,1740.02777777778,1425.30555555556,3178.05555555556,3199.88888888889,3375.41666666667,3515.22222222222,3645.63888888889,3392.19444444444,518.65,518.65,10.8277777777778,10.8277777777778,17.0,17.0,18.2,18.2,105.939166666667,108.192222222222,105.834444444444,106.060555555556,106.058055555556,105.798611111111,86.0013888888889,85.8269444444444,2
73,1.11899911194693,1.02032074907859,1.00325942021828,2.69166666666667,2.99888888888889,2.95138888888889,2.62583333333333,1098.975,1503.75833333333,1486.68611111111,1486.7,67.0277777777778,65.9722222222222,68.0,68.0,61.0,61.0,61.0,61.0,621.166666666667,4959.97222222222,3661.83333333333,3640.83333333333,3409.88888888889,3507.0,3601.94444444444,3426.16666666667,172.555555555556,172.555555555556,12.5583333333333,12.5638888888889,17.0,17.0,18.2,18.2,117.715277777778,117.536666666667,105.778888888889,105.180833333333,106.031111111111,105.772222222222,85.98,85.8069444444444,2
74,1.11001964636542,1.0186971360736,0.981838488806876,2.68666666666667,3.03416666666667,2.92972222222222,2.68611111111111,1247.65555555556,1547.65277777778,1486.9,1486.91666666667,66.1111111111111,66.5833333333333,66.1944444444444,65.3888888888889,61.0277777777778,61.0277777777778,61.0,61.0,735.722222222222,2168.83333333333,2915.83333333333,2823.47222222222,3362.77777777778,3444.97222222222,3625.27777777778,3393.30555555556,470.033333333333,470.033333333333,192.058333333333,192.05,16.8527777777778,16.8527777777778,18.2,18.2,106.665277777778,102.833333333333,101.462777777778,103.46,106.015555555556,105.758055555556,85.9688888888889,85.7936111111111,2
75,1.10385383027385,1.0051433609823,1.00985261986399,16.3413888888889,17.8580555555556,17.9377777777778,16.0866666666667,1486.50833333333,1486.45555555556,1486.53055555555,1486.58333333333,61.9444444444444,61.9166666666667,63.0,63.0,61.0,61.0,61.0,61.0,3491.41666666667,2915.80555555556,3248.52777777778,3209.83333333333,3005.38888888889,3298.94444444444,3544.30555555556,2504.11111111111,15.6805555555556,15.6805555555556,10.1,10.1,17.1,17.1,17.8,17.8,86.5586111111111,85.4788888888888,106.96,105.407222222222,106.694444444444,105.131944444444,86.4316666666667,85.3708333333333,3
76,1.10577472314864,1.00028879981797,1.0096276432057,15.1536111111111,16.5961111111111,16.7436111111111,14.9969444444444,1486.05277777778,1486.00555555556,1486.06666666667,1486.11111111111,62.0,62.0,63.0,63.0,61.0,61.0,61.0,61.0,3556.83333333333,2988.58333333333,3273.75,3246.05555555556,3048.69444444444,3299.16666666667,3563.5,2559.38888888889,15.7,15.7,10.1,10.1,17.1,17.1,17.7166666666667,17.7166666666667,86.5477777777778,85.545,106.940277777778,105.493055555556,106.673611111111,105.217222222222,86.4252777777778,85.4316666666667,3
77,1.10199091861684,1.00414854848378,1.00883149582268,14.0119444444444,15.3027777777778,15.3708333333333,13.8227777777778,1485.62777777778,1485.58888888889,1485.66944444444,1485.7,62.0,62.0,63.0,63.0,61.0,61.0,61.0,61.0,3436.72222222222,2940.44444444444,3294.63888888889,3298.19444444444,3099.02777777778,3303.19444444444,3449.36111111111,2515.44444444444,15.2,15.2,10.1,10.1,17.1,17.1,17.3,17.3,86.5355555555556,85.6080555555555,106.913333333333,105.580555555556,106.644166666667,105.302777777778,86.4075,85.4933333333333,3
78,1.10188106553776,1.00302571860817,1.0085296390646,13.9947222222222,15.2877777777778,15.3677777777778,13.8263888888889,1485.425,1485.375,1485.46388888889,1485.49444444444,62.0,62.0,63.0,63.0,61.0,61.0,61.0,61.0,3434.33333333333,2905.97222222222,3298.36111111111,3264.69444444444,3105.94444444444,3329.61111111111,3413.19444444444,2516.27777777778,15.2,15.2,10.1,10.1,17.1,17.1,17.3,17.3,86.5441666666667,85.6205555555555,106.927222222222,105.595,106.656111111111,105.318888888889,86.4191666666667,85.5097222222223,3
79,1.10394200814762,1.00243278944017,1.00731616701437,13.9811111111111,15.3202777777778,15.3913888888889,13.8388888888889,1485.24444444444,1485.22777777778,1485.32777777778,1485.35277777778,62.0,62.0,63.0,63.0,61.0,61.0,61.0,61.0,3549.36111111111,3024.16666666667,3287.86111111111,3291.02777777778,3086.41666666667,3291.77777777778,3418.13888888889,2505.83333333333,15.5111111111111,15.5111111111111,10.1,10.1,17.1,17.1,17.3,17.3,86.555,85.6286111111111,106.940833333333,105.605,106.670555555556,105.328055555556,86.4275,85.5163888888889,3
80,1.10691174997496,1.00446956123966,1.0088919876601,13.9625,15.3155555555556,15.3797222222222,13.7680555555556,1485.53611111111,1485.52222222222,1485.59722222222,1485.625,62.0,62.0,63.0,63.0,61.0,61.0,61.0,61.0,3431.77777777778,2950.75,3294.83333333333,3276.72222222222,3088.75,3317.97222222222,3447.91666666667,2497.63888888889,15.3,15.3,10.1,10.1,17.1,17.1,17.3,17.3,86.5391666666667,85.6133333333333,106.918333333333,105.583333333333,106.648888888889,105.308333333333,86.4113888888889,85.5002777777777,3
81,1.10335307298335,1.00442317591657,1.01078703260974,13.995,15.2733333333333,15.3655555555556,13.7738888888889,1485.81111111111,1485.77222222222,1485.85833333333,1485.86944444445,62.0,62.0,63.0,63.0,61.0,61.0,61.0,61.0,3452.52777777778,2919.83333333333,3295.25,3273.83333333333,3096.22222222222,3312.63888888889,3413.63888888889,2512.33333333333,15.3,15.3,10.1,10.1,17.1,17.1,17.3,17.3,86.5238888888889,85.5975,106.899166666667,105.567777777778,106.631388888889,105.290833333333,86.3972222222223,85.4858333333333,3
82,1.10426412378553,1.00374061277519,1.00861575452256,13.985,15.3083333333333,15.3791666666667,13.805,1485.65555555556,1485.625,1485.68888888889,1485.74166666667,62.0,62.0,63.0,63.0,61.0,61.0,61.0,61.0,3440.94444444444,2917.88888888889,3267.91666666667,3287.86111111111,3085.30555555556,3294.91666666667,3445.19444444444,2507.58333333333,15.3,15.3,10.1,10.1,17.1,17.1,17.3,17.3,86.5319444444444,85.6061111111111,106.910555555556,105.575833333333,106.642222222222,105.302777777778,86.4041666666667,85.4927777777778,3
83,1.10356571829073,1.00380763613603,1.0094885394763,12.7708333333333,13.9583333333333,14.0336111111111,12.5941666666667,1485.475,1485.47222222222,1485.52777777778,1485.58333333333,62.0,62.0,63.0,63.0,61.0,61.0,61.0,61.0,3493.38888888889,3004.77777777778,3336.25,3325.55555555556,3141.86111111111,3328.55555555556,3451.94444444444,2601.88888888889,15.3,15.3,10.1,10.1,17.1,17.1,17.3,17.3,86.5013888888889,85.6583333333333,106.862222222222,105.648611111111,106.595277777778,105.372222222222,86.3755555555556,85.5444444444444,3
84,1.10527823191761,1.00833314359873,1.00977454744301,11.7488888888889,12.855,12.8725,11.5280555555556,1485.53333333333,1485.52777777778,1485.59722222222,1485.61666666667,62.0,62.0,63.0,63.0,61.0,61.0,61.0,61.0,3533.63888888889,3049.5,3361.41666666667,3330.88888888889,3163.69444444444,3354.52777777778,3450.72222222222,2646.30555555556,15.3,15.3,10.1,10.1,17.1,17.1,17.3,17.3,86.4647222222222,85.6875,106.809444444444,105.693055555556,106.540277777778,105.418611111111,86.3372222222222,85.5744444444445,3
85,1.10329305497398,1.0090709102337,1.01237676887636,9.39138888888889,10.2305555555556,10.2625,9.18305555555555,1485.78333333333,1485.79444444444,1485.89166666667,1485.88055555556,62.0,62.0,63.0,63.0,61.0,61.0,61.0,61.0,3597.77777777778,3211.36111111111,3447.13888888889,3405.52777777778,3254.69444444444,3395.72222222222,3442.91666666667,2804.02777777778,15.3,15.3,10.1,10.1,17.1,17.1,17.3,17.3,86.3716666666666,85.7527777777778,106.676111111111,105.785555555556,106.405833333333,105.511666666667,86.2461111111111,85.6377777777778,3
86,1.10188318375754,1.00466560258187,1.00628434005652,7.59555555555556,8.31527777777778,8.32805555555556,7.50888888888889,1485.55277777778,1485.57222222222,1485.65833333333,1485.65277777778,62.0,62.0,63.0,63.0,61.0,61.0,61.0,61.0,3620.05555555556,3294.25,3476.69444444444,3450.91666666667,3294.94444444444,3408.94444444444,3430.36111111111,2890.58333333333,15.3,15.3,10.1,10.1,17.1,17.1,17.3,17.3,86.3263888888889,85.8241666666667,106.610277777778,105.884444444444,106.338333333333,105.610833333333,86.2033333333333,85.7075,3
87,1.09900935506993,1.00029775458017,1.00796469512624,7.58944444444444,8.27472222222222,8.33527777777778,7.52416666666667,1485.76111111111,1485.775,1485.85833333333,1485.85833333333,62.0,62.0,63.0,63.0,61.0,61.0,61.0,61.0,3614.91666666667,3291.19444444444,3447.13888888889,3450.11111111111,3282.52777777778,3424.5,3441.58333333333,2908.61111111111,15.3,15.3,10.1,10.1,17.1,17.1,17.3,17.3,86.3138888888889,85.8113888888889,106.595,105.871944444444,106.323611111111,105.597777777778,86.1908333333334,85.6941666666667,3
88,1.10546125461255,1.00890766657865,1.00961521528573,7.60083333333333,8.31888888888889,8.32444444444445,7.45472222222222,1485.77777777778,1485.8,1485.87777777778,1485.86944444445,62.0,62.0,63.0,63.0,61.0,61.0,61.0,61.0,3615.72222222222,3295.41666666667,3443.13888888889,3452.41666666667,3297.25,3422.11111111111,3445.86111111111,2909.63888888889,15.3,15.3,10.1,10.1,17.1,17.1,17.3,17.3,86.3133333333333,85.8102777777778,106.593055555556,105.87,106.320277777778,105.597222222222,86.1891666666667,85.6958333333333,3
89,1.10113268608414,1.00699042768069,1.00882513228908,7.61583333333333,8.31,8.32444444444444,7.49083333333333,1485.68611111111,1485.70555555556,1485.79166666667,1485.78333333333,62.0,62.0,63.0,63.0,61.0,61.0,61.0,61.0,3588.41666666667,3283.05555555556,3451.33333333333,3438.44444444444,3275.41666666667,3426.11111111111,3450.41666666667,2893.11111111111,15.3,15.3,10.1,10.1,17.1,17.1,17.3,17.3,86.3186111111111,85.8155555555556,106.599722222222,105.875277777778,106.328055555556,105.601666666667,86.1955555555556,85.6997222222222,3
90,1.1019296922426,1.00806650029876,1.0157892879825,7.64416666666667,8.28944444444444,8.35,7.45611111111111,1485.76944444445,1485.80277777778,1485.86388888889,1485.87222222222,62.0,62.0,63.0,63.0,61.0,61.0,61.0,61.0,3607.52777777778,3292.77777777778,3442.91666666667,3452.69444444444,3292.86111111111,3423.05555555556,3454.36111111111,2905.69444444444,15.3,15.3,10.1,10.1,17.1,17.1,17.3,17.3,86.3138888888889,85.81,106.591944444444,105.870833333333,106.322777777778,105.5975,86.1897222222222,85.6958333333333,3
91,1.10307474070117,1.00507605297362,1.01420354294587,7.615,8.28027777777778,8.35194444444445,7.46305555555555,1485.88611111111,1485.9,1485.98333333333,1485.98055555556,62.0,62.0,63.0,63.0,61.0,61.0,61.0,61.0,3622.02777777778,3298.16666666667,3466.94444444444,3468.44444444444,3303.83333333333,3396.91666666667,3425.69444444444,2897.86111111111,15.3,15.3,10.1,10.1,17.1,17.1,17.3,17.3,86.3072222222222,85.8030555555556,106.582777777778,105.861944444444,106.315277777778,105.5875,86.1825,85.6877777777778,3
92,1.11012981485422,1.00383974132269,1.00983074896118,5.25861111111111,5.77972222222222,5.8125,5.18361111111111,1485.62777777778,1485.65833333333,1485.74722222222,1485.72777777778,62.0,62.0,63.0,63.0,61.0,61.0,61.0,61.0,3640.75,3410.97222222222,3492.88888888889,3501.91666666667,3359.19444444444,3426.22222222222,3397.08333333333,3022.80555555556,15.3,15.3,10.1,10.1,17.1,17.1,17.3,17.3,86.2447222222222,85.8961111111112,106.492777777778,105.989722222222,106.223333333333,105.716666666667,86.1211111111111,85.7786111111112,3
93,1.10044039380388,1.00989253260224,1.01169276367752,16.5205555555556,17.9619444444444,17.9925,16.1522222222222,1484.18611111111,1484.13333333333,1484.23888888889,1484.28888888889,61.9166666666667,61.9166666666667,63.0,63.0,61.0,61.0,61.0,61.0,3508.83333333333,2945.0,3345.91666666667,3338.08333333333,3104.61111111111,3370.05555555556,3532.38888888889,2506.69444444444,15.8388888888889,15.8388888888889,10.5,10.5,17.4,17.4,17.9527777777778,17.9527777777778,86.6994444444445,85.6055555555555,107.133055555556,105.565,106.860833333333,105.288888888889,86.5686111111111,85.4977777777778,3
94,1.10169709436874,1.00490586864537,1.01128424160932,15.2519444444444,16.6116666666667,16.7122222222222,14.9958333333333,1484.66388888889,1484.65833333333,1484.73888888889,1484.79166666667,62.0,62.0,63.0,63.0,61.0,61.0,61.0,61.0,3523.97222222222,2962.25,3401.75,3384.33333333333,3156.47222222222,3416.52777777778,3548.52777777778,2538.55555555556,15.6,15.6,10.5,10.5,17.4,17.4,17.7166666666667,17.7166666666667,86.6291666666667,85.6205555555555,107.036944444444,105.586388888889,106.769444444444,105.311111111111,86.5008333333333,85.5077777777778,3
95,1.10119012139636,1.00591788928615,1.011411725548,14.1075,15.3555555555556,15.4355555555556,13.8541666666667,1485.0,1484.98888888889,1485.075,1485.13333333333,62.0,62.0,63.0,63.0,61.0,61.0,61.0,61.0,3535.83333333333,3029.19444444444,3461.52777777778,3428.77777777778,3219.77777777778,3443.52777777778,3484.75,2540.83333333333,15.6,15.6,10.5,10.5,17.4,17.4,17.5,17.5,86.5744444444445,85.6383333333334,106.96,105.618055555556,106.686666666667,105.342777777778,86.4422222222222,85.5266666666667,3
96,1.09962366819251,1.00473093405135,1.00659530452277,14.0702777777778,15.3672222222222,15.3944444444444,13.9044444444444,1485.26111111111,1485.24444444445,1485.33333333333,1485.37777777778,62.0,62.0,63.0,63.0,61.0,61.0,61.0,61.0,3561.86111111111,3018.22222222222,3427.41666666667,3421.44444444444,3200.63888888889,3433.11111111111,3482.41666666667,2555.41666666667,15.6,15.6,10.5,10.5,17.4,17.4,17.5,17.5,86.5563888888889,85.6261111111111,106.939166666667,105.600277777778,106.667777777778,105.325,86.4291666666667,85.5094444444445,3
97,1.09835887080809,1.00566714287066,1.00906954263728,14.1397222222222,15.3869444444444,15.4366666666667,13.9236111111111,1485.475,1485.48611111111,1485.58611111111,1485.63333333333,62.0,62.0,63.0,63.0,61.0,61.0,61.0,61.0,3594.0,3039.72222222222,3458.88888888889,3432.72222222222,3203.52777777778,3437.5,3488.33333333333,2558.66666666667,15.6,15.6,10.5,10.5,17.4,17.4,17.5,17.5,86.5466666666667,85.61,106.922222222222,105.584166666667,106.649722222222,105.308333333333,86.4172222222223,85.4944444444444,3
98,1.10206313696247,1.00703456525247,1.01441625139351,14.1252777777778,15.3408333333333,15.4480555555556,13.8122222222222,1485.71666666667,1485.70555555556,1485.78055555556,1485.80555555556,62.0,62.0,63.0,63.0,61.0,61.0,61.0,61.0,3563.97222222222,3028.30555555556,3434.19444444444,3414.38888888889,3192.94444444444,3442.38888888889,3476.5,2559.05555555556,15.6,15.6,10.5,10.5,17.4,17.4,17.5,17.5,86.5327777777778,85.5994444444444,106.9075,105.567777777778,106.639722222222,105.291944444444,86.4016666666667,85.4883333333333,3
99,1.10058002105556,1.00672707433939,1.00987361018721,14.1055555555556,15.3677777777778,15.4136111111111,13.8627777777778,1485.90277777778,1485.88611111111,1485.98333333333,1485.99722222222,62.0,62.0,63.0,63.0,61.0,61.0,61.0,61.0,3599.08333333333,3022.02777777778,3448.02777777778,3432.05555555556,3216.86111111111,3440.16666666667,3475.80555555556,2562.11111111111,15.6,15.6,10.5,10.5,17.4,17.4,17.5,17.5,86.52,85.5866666666667,106.893055555556,105.554722222222,106.622777777778,105.281388888889,86.3913888888889,85.4752777777777,3
100,1.10364134495642,1.0092013740211,1.01054054826086,14.085,15.3761111111111,15.3955555555556,13.7969444444444,1486.13333333333,1486.10555555555,1486.175,1486.25,62.0,62.0,63.0,63.0,61.0,61.0,61.0,61.0,3565.72222222222,3025.41666666667,3427.22222222222,3431.33333333333,3196.11111111111,3427.66666666667,3476.94444444444,2560.75,15.6,15.6,10.5,10.5,17.4,17.4,17.5,17.5,86.5077777777778,85.5780555555556,106.879166666667,105.539166666667,106.606111111111,105.264166666667,86.3766666666667,85.4647222222222,3
101,1.10133474782684,1.01061681081361,1.01115842476611,12.9761111111111,14.1266666666667,14.1338888888889,12.6841666666667,1486.00277777778,1486.01388888889,1486.09166666667,1486.13888888889,62.0,62.0,63.0,63.0,61.0,61.0,61.0,61.0,3458.5,2980.47222222222,3483.77777777778,3473.44444444444,3234.13888888889,3463.66666666667,3492.19444444444,2623.69444444444,15.2,15.2,10.5,10.5,17.4,17.4,17.5,17.5,86.4758333333333,85.6208333333333,106.831111111111,105.601944444444,106.558611111111,105.329166666667,86.3472222222222,85.5080555555556,3
102,1.09821566736898,1.00919857291038,1.00933599316044,11.7808333333333,12.8130555555556,12.8147222222222,11.555,1485.08888888889,1485.08888888889,1485.18055555556,1485.20833333333,62.0,62.0,63.0,63.0,61.0,61.0,61.0,61.0,3461.88888888889,3034.61111111111,3511.61111111111,3503.91666666667,3292.02777777778,3475.25,3489.19444444444,2694.11111111111,15.1,15.1,10.5,10.5,17.4,17.4,17.5,17.5,86.4919444444444,85.7111111111111,106.84,105.723333333333,106.569444444444,105.449444444444,86.3613888888889,85.6008333333333,3
103,1.10126601266013,1.00815688748083,1.00928024326573,9.34361111111111,10.1913888888889,10.2022222222222,9.17472222222222,1484.825,1484.84166666667,1484.95,1484.96111111111,62.0,62.0,63.0,63.0,61.0,61.0,61.0,61.0,3541.05555555556,3156.5,3577.0,3572.63888888889,3368.63888888889,3509.41666666667,3512.72222222222,2848.86111111111,15.1,15.1,10.5,10.5,17.4,17.4,17.5,17.5,86.4263888888889,85.8086111111111,106.744444444444,105.854722222222,106.470555555556,105.580555555556,86.2980555555556,85.6913888888889,3
104,1.10010811603233,1.00807751611999,1.00906317930019,7.64722222222222,8.33416666666667,8.34194444444444,7.51138888888889,1484.88055555556,1484.90277777778,1484.99166666667,1485.00277777778,62.0,62.0,63.0,63.0,61.0,61.0,61.0,61.0,3577.08333333333,3262.11111111111,3426.80555555556,3441.69444444444,3416.25,3562.30555555556,3490.69444444444,2935.16666666667,15.1,15.1,10.0,10.0,17.4,17.4,17.5,17.5,86.3680555555555,85.8594444444444,106.658055555556,105.931944444444,106.384722222222,105.658611111111,86.2402777777777,85.7449999999999,3
105,1.10477833235467,1.01002365723298,1.01206869331836,7.65638888888889,8.35388888888889,8.37,7.48138888888889,1484.85833333333,1484.88055555556,1484.97222222222,1484.97777777778,62.0,62.0,63.0,63.0,61.0,61.0,61.0,61.0,3573.25,3245.16666666667,3435.30555555556,3437.58333333333,3407.52777777778,3558.55555555556,3488.44444444444,2938.19444444444,15.1,15.1,10.0,10.0,17.4,17.4,17.5,17.5,86.3697222222222,85.8622222222222,106.659444444444,105.933333333333,106.388611111111,105.658611111111,86.2422222222222,85.7455555555555,3
106,1.10370343101163,1.00907061367272,1.01416914861745,7.63722222222222,8.30805555555555,8.34805555555555,7.45388888888889,1484.76666666667,1484.79444444444,1484.88055555556,1484.89444444445,62.0,62.0,63.0,63.0,61.0,61.0,61.0,61.0,3570.66666666667,3262.86111111111,3458.16666666667,3411.11111111111,3399.19444444444,3557.55555555556,3490.75,2948.91666666667,15.1,15.1,10.0,10.0,17.4,17.4,17.5,17.5,86.3738888888889,85.8675,106.667222222222,105.940277777778,106.395,105.666388888889,86.2472222222222,85.7513888888889,3
107,1.10175881696224,1.00513339851935,1.01015246197203,7.64944444444445,8.34111111111111,8.38083333333334,7.52805555555556,1484.67222222222,1484.69166666667,1484.77777777778,1484.77222222222,62.0,62.0,63.0,63.0,61.0,61.0,61.0,61.0,3546.52777777778,3242.94444444444,3466.27777777778,3443.05555555556,3415.58333333333,3529.72222222222,3521.44444444444,2953.33333333333,15.1,15.1,10.0,10.0,17.4,17.4,17.5,17.5,86.3802777777778,85.8727777777778,106.675,105.945555555556,106.402222222222,105.672777777778,86.2530555555556,85.7575000000001,3
108,1.10530376793489,1.0087291849255,1.00982128764096,7.63361111111111,8.35194444444445,8.36055555555556,7.48666666666667,1484.59166666667,1484.61944444444,1484.70555555555,1484.70833333333,62.0,62.0,63.0,63.0,61.0,61.0,61.0,61.0,3541.61111111111,3231.47222222222,3453.83333333333,3456.11111111111,3428.5,3522.08333333333,3511.36111111111,2950.75,15.1,15.1,10.0,10.0,17.4,17.4,17.5,17.5,86.3833333333334,85.8775,106.679444444444,105.951111111111,106.406944444444,105.676944444444,86.2577777777778,85.7613888888889,3
109,1.09882284019552,1.00911289474607,1.0127460102881,7.67305555555555,8.32194444444445,8.35055555555556,7.5,1484.56388888889,1484.59444444444,1484.675,1484.69722222222,62.0,62.0,63.0,63.0,61.0,61.0,61.0,61.0,3548.25,3225.02777777778,3440.97222222222,3456.52777777778,3427.75,3534.44444444444,3507.66666666667,2950.52777777778,15.1,15.1,10.0,10.0,17.4,17.4,17.5,17.5,86.3875,85.8777777777778,106.680555555556,105.953611111111,106.409166666667,105.680833333333,86.2580555555556,85.7616666666667,3
110,1.10757299028561,1.0061477991383,1.0081210592686,5.28638888888889,5.80611111111111,5.81694444444445,5.20777777777778,1484.5,1484.52777777778,1484.60555555555,1484.60833333333,62.0,62.0,63.0,63.0,61.0,61.0,61.0,61.0,3573.27777777778,3355.16666666667,3495.97222222222,3463.83333333333,3448.97222222222,3552.22222222222,3469.97222222222,3081.72222222222,15.1,15.1,10.0,10.0,17.4,17.4,17.5,17.5,86.3102777777778,85.9602777777778,106.575833333333,106.069722222222,106.301111111111,105.793888888889,86.1861111111111,85.8419444444445,3
111,1.10527524301155,1.0034719412117,1.00597206015817,16.4125,18.0294444444444,18.0722222222222,16.2505555555556,1483.82777777778,1483.23888888889,1483.28333333333,1483.43333333333,61.0277777777778,61.0277777777778,63.0,63.0,61.0,61.0,61.0,61.0,3531.08333333333,3068.36111111111,3288.44444444444,3288.11111111111,3033.55555555556,3313.36111111111,3546.63888888889,2584.80555555556,16.3694444444444,16.3694444444444,10.4,10.4,17.3,17.3,18.4194444444444,18.4194444444444,86.7205555555555,85.6277777777778,107.203055555556,105.624444444444,106.931388888889,105.351944444444,86.6216666666667,85.5430555555556,3
112,1.10299677270632,1.00346105869745,1.0102774741741,15.1708333333333,16.5602777777778,16.6675,14.9541666666667,1484.36388888889,1483.81111111111,1483.87777777778,1483.925,62.0,62.0,63.0,63.0,61.0,61.0,61.0,61.0,3471.36111111111,2916.27777777778,3340.72222222222,3335.77777777778,3097.33333333333,3348.33333333333,3617.08333333333,2588.33333333333,15.5,15.5,10.4,10.4,17.3,17.3,18.0,18.0,86.6461111111111,85.6419444444444,107.0975,105.648611111111,106.828611111111,105.372777777778,86.5488888888889,85.5602777777778,3
113,1.10679515100888,1.00326228795129,1.00732423725602,14.0438888888889,15.4280555555556,15.4875,13.8886111111111,1484.76944444445,1484.25277777778,1484.31666666667,1484.38611111111,62.0,62.0,63.0,63.0,61.0,61.0,61.0,61.0,3516.97222222222,3017.0,3405.25,3381.94444444444,3150.02777777778,3366.33333333333,3643.13888888889,2664.11111111111,15.5,15.5,10.4,10.4,17.3,17.3,18.0,18.0,86.5861111111111,85.6566666666667,107.015555555556,105.668333333333,106.744444444444,105.3925,86.49,85.5675,3
114,1.10809548881891,0.998314358090611,1.00837600204431,14.0297222222222,15.4180555555556,15.5658333333333,13.9316666666667,1485.09444444444,1484.56388888889,1484.63611111111,1484.66666666667,62.0,62.0,63.0,63.0,61.0,61.0,61.0,61.0,3492.47222222222,2996.52777777778,3383.13888888889,3378.13888888889,3161.61111111111,3360.5,3623.61111111111,2665.19444444444,15.5,15.5,10.4,10.4,17.3,17.3,18.0,18.0,86.5666666666667,85.6369444444445,106.992777777778,105.647222222222,106.725277777778,105.366944444444,86.4719444444444,85.5491666666667,3
115,1.10510364772649,1.002336338543,1.00696857531349,14.0916666666667,15.4630555555556,15.5311111111111,13.9547222222222,1485.40277777778,1484.90277777778,1484.97777777778,1485.00833333333,62.0,62.0,63.0,63.0,61.0,61.0,61.0,61.0,3540.86111111111,3020.5,3392.63888888889,3374.83333333333,3145.11111111111,3376.05555555556,3635.25,2638.19444444444,15.6,15.6,10.4,10.4,17.3,17.3,18.0,18.0,86.5488888888889,85.6177777777778,106.97,105.623055555556,106.699722222222,105.345277777778,86.4552777777778,85.5288888888889,3
116,1.10452775217766,1.00400101912751,1.00818897042136,14.105,15.4497222222222,15.5111111111111,13.9258333333333,1485.68333333333,1485.18333333333,1485.24166666667,1485.28611111111,62.0,62.0,63.0,63.0,61.0,61.0,61.0,61.0,3528.41666666667,2992.22222222222,3373.52777777778,3369.86111111111,3128.38888888889,3371.83333333333,3599.88888888889,2666.41666666667,15.6,15.6,10.4,10.4,17.3,17.3,18.0,18.0,86.5330555555556,85.6005555555555,106.9475,105.601666666667,106.678888888889,105.326944444444,86.4375,85.515,3
117,1.10885821682146,1.00741168452539,1.01150537328439,14.1055555555556,15.4575,15.5172222222222,13.8283333333333,1485.95833333333,1485.44722222222,1485.49722222222,1485.54444444444,62.0,62.0,63.0,63.0,61.0,61.0,61.0,61.0,3510.11111111111,3007.63888888889,3392.44444444444,3387.69444444444,3135.5,3358.91666666667,3631.91666666667,2670.08333333333,15.6,15.6,10.4,10.4,17.3,17.3,18.0,18.0,86.515,85.5869444444444,106.929444444444,105.583611111111,106.66,105.308888888889,86.4177777777778,85.5033333333334,3
118,1.10847845556772,0.999877297139136,1.00842685978616,14.0177777777778,15.4083333333333,15.5336111111111,13.8961111111111,1486.20277777778,1485.69444444444,1485.775,1485.77222222222,62.0,62.0,63.0,63.0,61.0,61.0,61.0,61.0,3528.0,2991.05555555556,3366.16666666667,3371.36111111111,3128.33333333333,3382.69444444444,3611.08333333333,2666.19444444444,15.6,15.6,10.4,10.4,17.3,17.3,18.0,18.0,86.5016666666666,85.5708333333334,106.909722222222,105.566944444444,106.642777777778,105.290833333333,86.4061111111111,85.4855555555555,3
119,1.10973511457911,1.00574089895601,1.01215611673217,12.7922222222222,14.0213888888889,14.1063888888889,12.5541666666667,1486.41388888889,1485.9,1485.98888888889,1486.00833333333,62.0,62.0,63.0,63.0,61.0,61.0,61.0,61.0,3553.61111111111,3074.16666666667,3427.63888888889,3428.13888888889,3161.22222222222,3379.66666666667,3657.63888888889,2755.0,15.6,15.6,10.4,10.4,17.3,17.3,18.0,18.0,86.4477777777778,85.6016666666666,106.834444444444,105.613333333333,106.563611111111,105.335555555556,86.3508333333333,85.5188888888889,3
120,1.11005592613439,1.0042315042315,1.00928259456501,11.68,12.8433333333333,12.9047222222222,11.5152777777778,1485.72222222222,1485.24166666667,1485.29444444444,1485.28888888889,62.0,62.0,63.0,63.0,61.0,61.0,61.0,61.0,3601.36111111111,3140.5,3452.05555555556,3440.16666666667,3216.69444444444,3411.16666666667,3688.86111111111,2809.36111111111,15.6,15.6,10.4,10.4,17.3,17.3,18.0,18.0,86.4519444444445,85.6775,106.830555555556,105.711388888889,106.560555555556,105.438333333333,86.3561111111111,85.5941666666667,3
121,1.10664426636535,1.0025297492863,1.00974412799274,9.40194444444444,10.3027777777778,10.3733333333333,9.28166666666666,1485.06111111111,1484.55833333333,1484.64166666667,1484.64166666667,62.0,62.0,63.0,63.0,61.0,61.0,61.0,61.0,3659.61111111111,3278.52777777778,3524.0,3516.08333333333,3289.63888888889,3450.38888888889,3665.86111111111,2955.66666666667,15.6,15.6,10.4,10.4,17.3,17.3,18.0,18.0,86.4144444444444,85.7925,106.769444444444,105.87,106.499166666667,105.593055555556,86.32,85.7055555555555,3
122,1.10173314993122,0.9984130859375,1.00351410888493,7.58055555555555,8.32305555555556,8.36361111111111,7.56527777777778,1485.03333333333,1484.55555555555,1484.63333333333,1484.62222222222,62.0,62.0,63.0,63.0,61.0,61.0,61.0,61.0,3529.86111111111,3229.0,3567.88888888889,3573.63888888889,3363.52777777778,3454.30555555556,3675.97222222222,3095.55555555556,15.1833333333333,15.1833333333333,10.4,10.4,17.3,17.3,18.0,18.0,86.3552777777777,85.8541666666666,106.684166666667,105.956388888889,106.411666666667,105.681944444444,86.2638888888889,85.7638888888889,3
123,1.11319603638246,1.00334747099443,1.00852207833284,7.55972222222222,8.34277777777778,8.38361111111111,7.46583333333333,1485.08333333333,1484.60833333333,1484.68888888889,1484.675,62.0,62.0,63.0,63.0,61.0,61.0,61.0,61.0,3512.97222222222,3197.75,3577.33333333333,3559.80555555556,3357.05555555556,3475.5,3680.5,3094.63888888889,15.1,15.1,10.4,10.4,17.3,17.3,18.0,18.0,86.3522222222222,85.8519444444444,106.679722222222,105.951388888889,106.409166666667,105.676666666667,86.2583333333334,85.7616666666667,3
124,1.11047661288832,1.00650092242818,1.01105906385377,7.58472222222222,8.32777777777778,8.36361111111111,7.44611111111111,1485.05277777778,1484.57777777778,1484.65833333333,1484.64166666667,62.0,62.0,63.0,63.0,61.0,61.0,61.0,61.0,3520.55555555556,3209.41666666667,3572.66666666667,3563.0,3356.94444444444,3471.16666666667,3662.25,3087.61111111111,15.1,15.1,10.4,10.4,17.3,17.3,18.0,18.0,86.3555555555555,85.8522222222222,106.680555555556,105.953055555556,106.411388888889,105.679444444444,86.26,85.7661111111111,3
125,1.10949834009591,1.00103220840113,1.00767070387923,7.565,8.32888888888889,8.38138888888889,7.49611111111111,1484.95,1484.48055555556,1484.52777777778,1484.55277777778,62.0,62.0,63.0,63.0,61.0,61.0,61.0,61.0,3497.05555555556,3199.55555555556,3541.91666666667,3565.66666666667,3362.88888888889,3464.72222222222,3650.27777777778,3080.47222222222,15.1,15.1,10.4,10.4,17.3,17.3,18.0,18.0,86.3608333333333,85.8583333333333,106.688611111111,105.962222222222,106.418888888889,105.686944444444,86.2675,85.7686111111111,3
126,1.10648719317952,1.00229289552448,1.00488967559894,7.57111111111111,8.33555555555555,8.35611111111111,7.51416666666666,1484.83611111111,1484.33888888889,1484.41388888889,1484.41388888889,62.0,62.0,63.0,63.0,61.0,61.0,61.0,61.0,3527.63888888889,3224.91666666667,3552.55555555556,3542.52777777778,3335.72222222222,3486.08333333333,3644.13888888889,3079.86111111111,15.1,15.1,10.4,10.4,17.3,17.3,18.0,18.0,86.3672222222222,85.8666666666666,106.698888888889,105.970555555555,106.428055555556,105.696944444444,86.2736111111112,85.7786111111112,3
127,1.10890742039039,1.008557371288,1.00859266548349,7.59583333333333,8.34777777777778,8.34805555555556,7.46027777777778,1484.73888888889,1484.26111111111,1484.34166666667,1484.31944444445,62.0,62.0,63.0,63.0,61.0,61.0,61.0,61.0,3539.97222222222,3219.47222222222,3578.66666666667,3536.05555555556,3337.02777777778,3480.19444444444,3641.61111111111,3061.77777777778,15.1,15.1,10.4,10.4,17.3,17.3,18.0,18.0,86.3755555555556,85.8688888888889,106.705833333333,105.977222222222,106.432777777778,105.7025,86.2794444444445,85.7833333333334,3
128,1.11455401530894,1.0100767634336,1.01350031308704,5.34555555555556,5.87555555555555,5.89444444444444,5.21472222222222,1484.64444444444,1484.18611111111,1484.25555555556,1484.23333333333,62.0,62.0,63.0,63.0,61.0,61.0,61.0,61.0,3534.52777777778,3288.80555555556,3576.77777777778,3604.16666666667,3398.55555555556,3491.5,3597.47222222222,3213.0,15.1,15.1,10.4,10.4,17.3,17.3,18.0,18.0,86.3030555555556,85.9505555555555,106.602222222222,106.091111111111,106.331111111111,105.817222222222,86.2094444444445,85.8627777777778,3
129,1.10437058183795,0.992983246696816,1.00138987652725,16.2980555555556,17.9802777777778,18.1252777777778,16.3952777777778,1484.80277777778,1484.66944444444,1484.70833333333,1484.59444444444,61.9444444444444,61.9444444444444,63.0,63.0,61.0,61.0,61.0,61.0,3426.55555555556,2910.66666666667,3097.97222222222,3113.02777777778,3002.30555555556,3290.83333333333,3635.83333333333,2575.36111111111,15.7388888888889,15.7388888888889,10.0,10.0,17.1,17.1,18.35,18.35,86.6558333333333,85.5780555555555,107.093888888889,105.526666666667,106.832222222222,105.250555555556,86.5583333333334,85.4713888888889,4
130,1.09932547759654,0.985891535784902,0.994035233735609,15.0552777777778,16.6622222222222,16.7936111111111,15.3777777777778,1484.825,1484.67777777778,1484.71944444444,1484.60277777778,62.0,62.0,63.0,63.0,61.0,61.0,61.0,61.0,3508.86111111111,2965.05555555556,3149.72222222222,3166.83333333333,3070.66666666667,3338.80555555556,3608.25,2598.38888888889,15.7222222222222,15.7222222222222,10.0,10.0,17.1,17.1,18.1,18.1,86.6188888888889,85.6141666666666,107.036666666667,105.585833333333,106.774722222222,105.306388888889,86.5188888888889,85.5116666666667,4
131,1.10720579889081,0.992890370454076,1.00379677321618,13.9244444444444,15.3641666666667,15.5247222222222,13.9736111111111,1484.64722222222,1484.55555555556,1484.59444444444,1484.45,62.0,62.0,63.0,63.0,61.0,61.0,61.0,61.0,3396.08333333333,2896.94444444444,3197.08333333333,3203.80555555556,3114.41666666667,3351.47222222222,3672.25,2692.16666666667,15.3,15.3,10.0,10.0,17.1,17.1,18.1,18.1,86.5872222222222,85.6647222222222,106.990555555555,105.647777777778,106.728611111111,105.371944444444,86.4886111111111,85.5566666666667,4
132,1.10564888827181,0.992184054720996,0.999256120527309,13.9413888888889,15.4319444444444,15.5366666666667,14.0680555555556,1484.53611111111,1484.43333333333,1484.45833333333,1484.32777777778,62.0,62.0,63.0,63.0,61.0,61.0,61.0,61.0,3577.97222222222,3077.33333333333,3189.86111111111,3194.27777777778,3122.97222222222,3343.11111111111,3646.88888888889,2684.88888888889,15.8,15.8,10.0,10.0,17.1,17.1,18.1,18.1,86.5941666666667,85.6702777777778,107.000833333333,105.656388888889,106.7375,105.381666666667,86.4980555555556,85.5638888888889,4
133,1.10690642333154,0.987761647535449,0.999481166338078,13.8780555555556,15.3794444444444,15.5530555555556,14.0669444444444,1484.78611111111,1484.67222222222,1484.71111111111,1484.56388888889,62.0,62.0,63.0,63.0,61.0,61.0,61.0,61.0,3405.47222222222,2917.72222222222,3183.44444444444,3199.55555555556,3113.58333333333,3358.61111111111,3641.38888888889,2681.77777777778,15.3,15.3,10.0,10.0,17.1,17.1,18.1,18.1,86.5788888888889,85.6552777777778,106.981944444444,105.641666666667,106.718888888889,105.362777777778,86.4808333333333,85.5533333333333,4
134,1.1093871063872,0.991036435576723,1.00056525917133,13.9197222222222,15.4408333333333,15.5819444444444,14.0441666666667,1484.71666666667,1484.60555555555,1484.64722222222,1484.5,62.0,62.0,63.0,63.0,61.0,61.0,61.0,61.0,3419.66666666667,2919.0,3203.88888888889,3201.33333333333,3122.58333333333,3361.44444444444,3634.72222222222,2676.5,15.3,15.3,10.0,10.0,17.1,17.1,18.1,18.1,86.585,85.6594444444445,106.988055555556,105.641944444444,106.723888888889,105.3675,86.4872222222222,85.5547222222222,4
135,1.10210516921673,0.995904456140022,1.00530672090053,14.0152777777778,15.3675,15.5058333333333,13.9977777777778,1484.58333333333,1484.48055555556,1484.50833333333,1484.35,62.0,62.0,63.0,63.0,61.0,61.0,61.0,61.0,3421.05555555556,2938.66666666667,3199.27777777778,3190.44444444444,3117.44444444444,3351.08333333333,3641.33333333333,2674.97222222222,15.3,15.3,10.0,10.0,17.1,17.1,18.1,18.1,86.5955555555555,85.6675,106.994722222222,105.655277777778,106.7325,105.378055555556,86.4925,85.5683333333333,4
136,1.10160873055993,0.988268722219097,1.00083987618904,13.9313888888889,15.3427777777778,15.5288888888889,14.0927777777778,1484.475,1484.35833333333,1484.40277777778,1484.23888888889,62.0,62.0,63.0,63.0,61.0,61.0,61.0,61.0,3429.63888888889,2933.66666666667,3186.30555555556,3188.52777777778,3121.38888888889,3359.36111111111,3644.27777777778,2677.13888888889,15.3,15.3,10.0,10.0,17.1,17.1,18.1,18.1,86.5972222222222,85.6769444444445,107.0025,105.6625,106.741944444444,105.385555555556,86.4997222222222,85.5713888888889,4
137,1.1054629710208,0.992597930714982,1.00442202936973,12.7475,14.0347222222222,14.1938888888889,12.7880555555556,1484.55,1484.425,1484.475,1484.31388888889,62.0,62.0,63.0,63.0,61.0,61.0,61.0,61.0,3466.08333333333,2985.97222222222,3226.61111111111,3235.25,3171.0,3365.30555555556,3655.91666666667,2757.47222222222,15.4,15.4,10.0,10.0,17.1,17.1,18.1,18.1,86.5583333333334,85.7072222222222,106.941944444444,105.716111111111,106.677777777778,105.438888888889,86.4552777777778,85.6077777777778,4
138,1.10291178989438,0.990116730641511,1.00210633599457,11.6286111111111,12.8044444444444,12.9522222222222,11.7247222222222,1484.30833333333,1484.21388888889,1484.26388888889,1484.08333333333,62.0,62.0,63.0,63.0,61.0,61.0,61.0,61.0,3508.47222222222,3080.38888888889,3261.30555555556,3259.0,3198.66666666667,3396.41666666667,3663.86111111111,2816.16666666667,15.4,15.4,10.0,10.0,17.1,17.1,18.1,18.1,86.5316666666667,85.7616666666667,106.900833333333,105.784722222222,106.638611111111,105.509166666667,86.4325,85.6561111111111,4
139,1.10429045853252,0.999136967501876,1.01269140374617,9.38388888888889,10.2327777777778,10.365,9.26861111111111,1484.55277777778,1484.47222222222,1484.52222222222,1484.325,62.0,62.0,63.0,63.0,61.0,61.0,61.0,61.0,3585.52777777778,3206.91666666667,3336.94444444444,3324.22222222222,3256.63888888889,3421.63888888889,3657.91666666667,2966.47222222222,15.4,15.4,10.0,10.0,17.1,17.1,18.1,18.1,86.4411111111111,85.8222222222222,106.771388888889,105.878888888889,106.506944444445,105.6025,86.3383333333333,85.7222222222222,4
140,1.10931397833616,0.997941022509161,1.00683538979249,7.55833333333333,8.32833333333333,8.39888888888889,7.52055555555555,1484.13611111111,1484.07222222222,1484.10555555555,1483.90555555556,62.0,62.0,63.0,63.0,61.0,61.0,61.0,61.0,3602.5,3304.38888888889,3366.44444444444,3364.27777777778,3314.41666666667,3452.63888888889,3636.88888888889,3061.88888888889,15.4,15.4,10.0,10.0,17.1,17.1,18.1,18.1,86.4063888888889,85.9058333333333,106.717222222222,105.991388888889,106.451111111111,105.717222222222,86.3038888888889,85.8052777777778,4
141,1.11063382618635,0.995694313704982,1.0061506650078,7.54083333333333,8.32555555555556,8.40861111111111,7.52638888888889,1484.11111111111,1484.03333333333,1484.1,1483.90555555556,62.0,62.0,63.0,63.0,61.0,61.0,61.0,61.0,3592.58333333333,3290.11111111111,3352.33333333333,3363.94444444444,3312.44444444444,3447.41666666667,3629.02777777778,3078.55555555556,15.4,15.4,10.0,10.0,17.1,17.1,18.1,18.1,86.4077777777778,85.9072222222222,106.719444444444,105.991666666667,106.4525,105.717222222222,86.3044444444445,85.8069444444444,4
142,1.10550888737753,0.99265882680398,1.00553269718988,7.54861111111111,8.30194444444444,8.40444444444445,7.56333333333333,1484.07222222222,1484.00277777778,1484.05,1483.84722222222,62.0,62.0,63.0,63.0,61.0,61.0,61.0,61.0,3597.27777777778,3283.94444444444,3350.33333333333,3361.58333333333,3327.61111111111,3436.66666666667,3635.77777777778,3073.0,15.4,15.4,10.0,10.0,17.1,17.1,18.1,18.1,86.4102777777778,85.9091666666667,106.721944444444,105.996666666667,106.454444444444,105.721944444444,86.3088888888889,85.8086111111111,4
143,1.10314361653377,0.992169323193387,1.00036612155236,7.54722222222222,8.32583333333333,8.39138888888889,7.60694444444445,1484.01388888889,1483.97222222222,1484.00277777778,1483.80555555556,62.0,62.0,63.0,63.0,61.0,61.0,61.0,61.0,3586.38888888889,3290.97222222222,3344.11111111111,3359.86111111111,3326.55555555556,3432.72222222222,3651.47222222222,3079.25,15.4,15.4,10.0,10.0,17.1,17.1,18.1,18.1,86.4138888888889,85.9130555555556,106.725833333333,105.998611111111,106.457777777778,105.725,86.3127777777778,85.8105555555556,4
144,1.10982680237802,0.996429628855566,1.00480962624832,7.55083333333333,8.34138888888889,8.40805555555555,7.54111111111111,1484.00833333333,1483.91666666667,1483.99166666667,1483.79444444444,62.0,62.0,63.0,63.0,61.0,61.0,61.0,61.0,3593.30555555556,3284.08333333333,3334.88888888889,3362.66666666667,3331.16666666667,3431.63888888889,3640.19444444444,3068.44444444444,15.4,15.4,10.0,10.0,17.1,17.1,18.1,18.1,86.4130555555556,85.9119444444445,106.727777777778,105.999444444444,106.460555555556,105.725833333333,86.3122222222222,85.8119444444445,4
145,1.10978621452267,0.994789851536907,1.00643238979932,7.54083333333333,8.31722222222222,8.40972222222222,7.53138888888889,1484.025,1483.97777777778,1484.0,1483.80555555556,62.0,62.0,63.0,63.0,61.0,61.0,61.0,61.0,3597.16666666667,3290.25,3340.83333333333,3367.97222222222,3329.72222222222,3435.75,3649.44444444444,3076.55555555556,15.4,15.4,10.0,10.0,17.1,17.1,18.1,18.1,86.4119444444444,85.9102777777778,106.724444444444,105.999166666667,106.458888888889,105.724444444444,86.3113888888889,85.8102777777778,4
146,1.10819285108267,0.99636712950834,1.0045597236106,7.53388888888889,8.3125,8.3775,7.52666666666667,1484.08055555555,1483.99722222222,1484.03333333333,1483.84444444445,62.0,62.0,63.0,63.0,61.0,61.0,61.0,61.0,3597.08333333333,3290.08333333333,3345.11111111111,3367.88888888889,3327.0,3440.19444444444,3626.86111111111,3066.0,15.4,15.4,10.0,10.0,17.1,17.1,18.1,18.1,86.4091666666667,85.9097222222222,106.723055555555,105.995555555556,106.456111111111,105.721944444444,86.3066666666667,85.8108333333333,4
147,1.10400551022571,0.993223912061437,1.00439127801333,5.23611111111111,5.75722222222222,5.81888888888889,5.24944444444444,1484.10277777778,1484.06666666667,1484.10277777778,1483.9,62.0,62.0,63.0,63.0,61.0,61.0,61.0,61.0,3615.86111111111,3379.05555555556,3371.08333333333,3361.27777777778,3381.72222222222,3473.94444444444,3602.08333333333,3207.33333333333,15.4,15.4,10.0,10.0,17.1,17.1,18.1,18.1,86.3330555555555,85.9827777777778,106.606944444444,106.102777777778,106.34,105.830555555556,86.2294444444444,85.8825,4
148,1.10685040413409,0.993130766145207,1.00342716024494,5.23138888888889,5.7725,5.82944444444444,5.25055555555556,1484.10555555555,1484.03055555556,1484.1,1483.89722222222,62.0,62.0,63.0,63.0,61.0,61.0,61.0,61.0,3602.5,3392.91666666667,3382.80555555556,3359.77777777778,3386.91666666667,3476.80555555556,3598.86111111111,3207.13888888889,15.4,15.4,10.0,10.0,17.1,17.1,18.1,18.1,86.3313888888889,85.9855555555555,106.608333333333,106.103333333333,106.339444444444,105.831111111111,86.2291666666666,85.8819444444445,4
149,1.10612428026621,0.994476546566958,1.00273049191519,9.27305555555556,10.2319444444444,10.3127777777778,9.30055555555556,1484.09444444444,1484.01111111111,1484.05555555555,1483.86388888889,62.0,62.0,63.0,63.0,61.0,61.0,61.0,61.0,3576.58333333333,3201.11111111111,3323.86111111111,3302.30555555556,3242.41666666667,3425.94444444444,3636.44444444444,2964.41666666667,15.4,15.4,10.0,10.0,17.1,17.1,18.1,18.1,86.4666666666666,85.8511111111111,106.804166666667,105.913611111111,106.538888888889,105.6375,86.3652777777777,85.7505555555556,4
150,1.10304204657576,0.996681790478769,1.00380576981888,11.6863888888889,12.8436111111111,12.9311111111111,11.6805555555556,1484.05277777778,1483.98611111111,1484.03333333333,1483.85555555556,62.0,62.0,63.0,63.0,61.0,61.0,61.0,61.0,3470.69444444444,3091.47222222222,3249.52777777778,3263.63888888889,3181.0,3404.94444444444,3662.52777777778,2810.11111111111,15.4,15.4,10.0,10.0,17.1,17.1,18.1,18.1,86.5480555555556,85.7741666666667,106.921111111111,105.799444444444,106.654722222222,105.524444444444,86.4452777777778,85.6711111111111,4
151,1.11091466675397,0.995059308922127,1.00785824025247,12.7455555555556,14.0519444444444,14.2236111111111,12.7069444444444,1484.11666666667,1484.02222222222,1484.05833333333,1483.89722222222,62.0,62.0,63.0,63.0,61.0,61.0,61.0,61.0,3448.36111111111,3002.30555555556,3217.72222222222,3240.02777777778,3159.88888888889,3371.61111111111,3652.66666666667,2735.83333333333,15.4,15.4,10.0,10.0,17.1,17.1,18.1,18.1,86.5805555555555,85.7358333333333,106.968333333333,105.745833333333,106.707777777778,105.467777777778,86.4763888888889,85.6338888888889,4
152,1.1029311001142,0.99056982550059,1.00329472222798,12.7286111111111,13.9988888888889,14.1702777777778,12.8116666666667,1483.98888888889,1483.90277777778,1483.92777777778,1483.78888888889,62.0,62.0,63.0,63.0,61.0,61.0,61.0,61.0,3439.47222222222,2987.72222222222,3218.75,3226.55555555556,3168.11111111111,3373.61111111111,3648.11111111111,2741.83333333333,15.3,15.3,10.0,10.0,17.1,17.1,18.1,18.1,86.5863888888889,85.7416666666666,106.978611111111,105.755,106.715555555556,105.48,86.4852777777778,85.6372222222222,4
153,1.1019296922426,1.00422670509126,1.0081210592686,9.38388888888889,12.6547222222222,10.2022222222222,5.25833333333333,2675.1,1484.69166666667,1484.70833333333,1483.43888888889,61.1944444444444,61.1944444444444,62.8611111111111,62.8055555555556,59.8888888888889,59.8888888888889,61.0,61.0,3534.69444444444,3071.11111111111,3309.05555555556,3325.55555555556,3138.02777777778,3366.33333333333,3454.38888888889,3076.41666666667,43.1694444444445,43.1694444444445,40.725,40.8416666666667,42.4972222222222,42.7277777777778,17.7,17.7,48.53,47.07,106.744444444444,105.731944444444,106.458888888889,105.46,86.2558333333334,85.9083333333333,4
154,1.09755076407787,1.09755076407787,1.0081210592686,9.38388888888889,5.82555555555555,10.2022222222222,5.30777777777778,2675.1,1483.53888888889,1484.70833333333,1483.67222222222,61.5,61.4722222222222,63.0,63.0,60.6388888888889,61.5555555555556,61.0,61.0,3534.69444444444,3071.11111111111,3161.58333333333,3141.44444444444,3138.02777777778,3366.33333333333,3445.88888888889,3062.02777777778,43.825,43.825,9.1,9.1,41.9472222222222,42.9083333333333,17.7,17.7,48.53,47.07,106.645833333333,106.138333333333,106.458888888889,105.46,86.2444444444444,85.8933333333334,4
155,1.09876497695853,1.09876497695853,1.0081210592686,9.38388888888889,8.27888888888889,10.2022222222222,7.53472222222222,2675.1,1484.37777777778,1484.70833333333,1484.49722222222,61.4722222222222,60.5833333333333,63.0,63.0,62.5555555555556,61.8055555555556,61.0,61.0,3534.69444444444,3071.11111111111,3091.33333333333,3094.97222222222,3138.02777777778,3366.33333333333,3468.52777777778,2922.72222222222,43.6583333333333,43.6583333333333,9.1,9.1,42.3472222222222,42.1472222222222,17.7,17.7,48.53,47.07,106.695,105.972222222222,106.458888888889,105.46,86.2708333333334,85.7727777777778,4
156,1.09556263969807,1.09556263969807,1.0081210592686,9.38388888888889,8.30527777777778,10.2022222222222,7.58083333333333,2675.1,1484.73888888889,1484.70833333333,1484.85833333333,60.5833333333333,60.5277777777778,63.0,63.0,61.75,60.9444444444444,61.0,61.0,3534.69444444444,3071.11111111111,3088.94444444444,3094.83333333333,3138.02777777778,3366.33333333333,3482.5,2918.33333333333,43.8388888888889,43.8388888888889,9.1,9.1,41.2111111111111,42.1,17.7,17.7,48.53,47.07,106.668888888889,105.945,106.458888888889,105.46,86.2513888888889,85.7505555555555,4
157,1.10049173660665,1.10049173660665,1.0081210592686,9.38388888888889,8.26805555555555,10.2022222222222,7.51305555555555,2675.1,1485.07222222222,1484.70833333333,1485.19444444444,60.5555555555556,60.6388888888889,63.0,63.0,60.8888888888889,60.8333333333333,61.0,61.0,3534.69444444444,3071.11111111111,3108.47222222222,3109.27777777778,3138.02777777778,3366.33333333333,3467.25,2930.58333333333,42.9388888888889,42.9388888888889,9.1,9.1,43.3583333333333,42.4555555555555,17.7,17.7,48.53,47.07,106.644444444444,105.921944444444,106.458888888889,105.46,86.23,85.7336111111111,4
158,1.10573861532766,1.10573861532766,1.0081210592686,9.38388888888889,8.29611111111111,10.2022222222222,7.50277777777778,2675.1,1484.31111111111,1484.70833333333,1484.44166666667,61.4444444444444,58.8888888888889,63.0,63.0,61.7222222222222,61.7222222222222,61.0,61.0,3534.69444444444,3071.11111111111,3083.47222222222,3080.36111111111,3138.02777777778,3366.33333333333,3457.80555555556,2912.22222222222,43.2388888888889,43.2388888888889,9.1,9.1,42.3888888888889,42.2277777777778,17.7,17.7,48.53,47.07,106.698611111111,105.975277777778,106.458888888889,105.46,86.2733333333334,85.7769444444445,4
159,1.10064539922552,1.10064539922552,1.0081210592686,9.38388888888889,8.29,10.2022222222222,7.53194444444444,2675.1,1484.40555555556,1484.70833333333,1484.525,61.5,60.7777777777778,63.0,63.0,60.9722222222222,61.7777777777778,61.0,61.0,3534.69444444444,3071.11111111111,3075.0,3093.88888888889,3138.02777777778,3366.33333333333,3450.58333333333,2911.0,42.8472222222222,42.8472222222222,9.1,9.1,42.1194444444444,41.4888888888889,17.7,17.7,48.53,47.07,106.691111111111,105.968888888889,106.458888888889,105.46,86.2677777777778,85.7702777777778,4
160,1.09080556882048,1.09080556882048,1.0081210592686,9.38388888888889,8.24861111111111,10.2022222222222,7.56194444444445,2675.1,1484.30555555556,1484.70833333333,1484.43888888889,62.4722222222222,60.75,63.0,63.0,62.6111111111111,62.5277777777778,61.0,61.0,3534.69444444444,3071.11111111111,3084.0,3080.44444444444,3138.02777777778,3366.33333333333,3453.77777777778,2911.08333333333,43.7111111111111,43.7111111111111,9.1,9.1,41.4527777777778,40.7694444444444,17.7,17.7,48.53,47.07,106.697777777778,105.976666666667,106.458888888889,105.46,86.2758333333333,85.7747222222222,4
161,1.09756097560976,1.09756097560976,1.0081210592686,9.38388888888889,10.1375,10.2022222222222,9.23638888888889,2675.1,1484.21388888889,1484.70833333333,1484.35555555556,62.5277777777778,61.6944444444444,63.0,63.0,59.8333333333333,61.6388888888889,61.0,61.0,3534.69444444444,3071.11111111111,3039.47222222222,3081.80555555556,3138.02777777778,3366.33333333333,3461.86111111111,2816.88888888889,41.5888888888889,41.5888888888889,9.1,9.1,42.4638888888889,42.9,17.7,17.7,48.53,47.07,106.786944444444,105.901111111111,106.458888888889,105.46,86.335,85.7247222222222,4
162,1.09370125974805,1.09370125974805,1.0081210592686,9.38388888888889,12.6611111111111,10.2022222222222,11.5763888888889,2675.1,1484.3,1484.70833333333,1484.40833333333,61.6388888888889,63.3611111111111,63.0,63.0,61.0,61.9166666666667,61.0,61.0,3534.69444444444,3071.11111111111,3161.83333333333,3165.61111111111,3138.02777777778,3366.33333333333,3494.36111111111,2675.33333333333,42.9361111111111,42.9361111111111,9.6,9.6,42.2138888888889,41.6222222222222,17.7,17.7,48.53,47.07,106.89,105.786111111111,106.458888888889,105.46,86.4119444444444,85.6405555555556,4
163,0.587194725601262,1.95067109749255,0.410708758898173,11.0583333333333,14.0522222222222,10.2022222222222,12.8727777777778,1650.18611111111,1484.37777777778,1484.70833333333,1484.52777777778,62.8611111111111,62.8611111111111,63.0,63.0,59.0555555555556,58.2222222222222,61.0,61.0,2876.91666666667,2464.22222222222,3111.91666666667,3141.75,3138.02777777778,3366.33333333333,3465.69444444444,2589.47222222222,19.0527777777778,19.0527777777778,9.6,9.6,43.4694444444445,42.7722222222222,17.7,17.7,81.2616666666667,80.325,106.946111111111,105.718333333333,106.458888888889,105.46,86.4461111111111,85.5930555555555,4
164,0.549717547837848,2.10320036643896,0.477172326185463,13.9819444444444,15.3536111111111,10.2022222222222,13.9480555555556,1484.59166666667,1484.125,1484.70833333333,1484.25555555556,62.0,62.0,63.0,63.0,59.9166666666667,60.75,61.0,61.0,3505.91666666667,2968.94444444444,3246.5,3269.86111111111,3138.02777777778,3366.33333333333,3417.97222222222,2505.02777777778,15.6,15.6,10.1,10.1,42.7722222222222,43.075,17.7,17.7,86.5938888888889,85.6658333333333,107.021388888889,105.680833333333,106.458888888889,105.46,86.4994444444444,85.5713888888889,4
165,0.548243703469032,2.07590181346131,0.472288385317128,13.935,15.3825,10.2022222222222,14.1227777777778,1484.78611111111,1484.31111111111,1484.70833333333,1484.45833333333,62.0,62.0,63.0,63.0,62.5,62.4444444444444,61.0,61.0,3495.02777777778,2939.66666666667,3233.69444444444,3254.94444444444,3138.02777777778,3366.33333333333,3436.69444444444,2509.11111111111,15.6,15.6,10.1,10.1,42.4055555555556,41.9666666666667,17.7,17.7,86.58,85.6561111111111,107.008611111111,105.665277777778,106.458888888889,105.46,86.4905555555555,85.5558333333334,4
166,0.552583272972625,2.07783394637975,0.468825682906224,13.8733333333333,15.4697222222222,10.2022222222222,14.1219444444444,1484.57777777778,1484.10555555555,1484.70833333333,1484.26944444444,62.0,62.0,63.0,63.0,61.6666666666667,61.6666666666667,61.0,61.0,3490.19444444444,2969.5,3238.38888888889,3258.5,3138.02777777778,3366.33333333333,3621.33333333333,2652.05555555556,15.6,15.6,10.1,10.1,41.9055555555556,41.7916666666667,18.1,18.1,86.5908333333333,85.6705555555556,107.026944444444,105.676666666667,106.458888888889,105.46,86.5033333333333,85.5686111111111,4
167,0.549092997465147,2.09414184565484,0.475682915786295,14.0083333333333,15.4038888888889,10.2022222222222,14.045,1484.54722222222,1484.06111111111,1484.70833333333,1484.22777777778,62.0,62.0,63.0,63.0,62.5,62.4444444444444,61.0,61.0,3551.44444444444,2940.36111111111,3253.05555555556,3268.77777777778,3138.02777777778,3366.33333333333,3635.86111111111,2655.80555555556,15.6,15.6,10.1,10.1,40.3194444444444,41.25,18.1,18.1,86.5988888888889,85.6672222222222,107.028611111111,105.681944444444,106.458888888889,105.46,86.5022222222222,85.5702777777778,4
168,0.553181514398858,2.10261826007252,0.473907405128592,13.9069444444444,15.4047222222222,10.2022222222222,13.9405555555556,1484.73611111111,1484.29166666667,1484.70833333333,1484.43333333333,62.0,62.0,63.0,63.0,61.6111111111111,61.6111111111111,61.0,61.0,3506.22222222222,2946.91666666667,3221.58333333333,3261.69444444444,3138.02777777778,3366.33333333333,3634.16666666667,2667.91666666667,15.6,15.6,10.1,10.1,42.1388888888889,42.2916666666667,18.1,18.1,86.5833333333333,85.6616666666667,107.011111111111,105.665555555556,106.458888888889,105.46,86.4872222222222,85.5636111111111,4
169,0.546260113379935,2.08262316667277,0.475628545416345,15.0922222222222,16.5416666666667,10.2022222222222,15.1894444444444,1484.78888888889,1484.33333333333,1484.70833333333,1484.48055555556,61.9722222222222,61.9722222222222,63.0,63.0,60.9166666666667,60.0555555555556,61.0,61.0,3472.58333333333,2904.75,3201.41666666667,3231.55555555556,3138.02777777778,3366.33333333333,3626.47222222222,2597.66666666667,15.6277777777778,15.6277777777778,10.1,10.1,40.7555555555556,41.3722222222222,18.1083333333333,18.1083333333333,86.6191666666667,85.6158333333333,107.059166666667,105.613055555556,106.458888888889,105.46,86.5241666666667,85.5222222222222,4
170,0.548578079141786,2.07691534285139,0.472218213306393,16.36,18.0683333333333,10.2022222222222,16.5766666666667,1484.65,1484.16666666667,1484.70833333333,1484.39166666667,61.1944444444444,61.1944444444444,63.0,63.0,60.1944444444444,59.3333333333333,61.7777777777778,61.7777777777778,3484.41666666667,2943.77777777778,3150.27777777778,3176.86111111111,3138.02777777778,3366.33333333333,3605.61111111111,2599.27777777778,16.1055555555556,16.1055555555556,10.1,10.1,41.2972222222222,40.9694444444444,18.6666666666667,18.6916666666667,86.6688888888889,85.5844444444444,107.137222222222,105.557777777778,106.458888888889,105.46,86.5819444444444,85.4752777777778,4
171,1.1019296922426,1.00422670509126,1.0081210592686,9.38388888888889,12.6547222222222,10.2022222222222,4.04833333333333,2675.1,1484.69166666667,1353.6,412.336111111111,57.3611111111111,57.4166666666667,57.0555555555556,58.8888888888889,57.1666666666667,54.5555555555556,60.1111111111111,60.0555555555556,3534.69444444444,3071.11111111111,3309.05555555556,3325.55555555556,1402.0,1537.0,1011.75,716.0,46.2222222222222,46.2222222222222,48.0722222222222,48.3722222222222,47.2805555555556,47.7222222222222,36.9888888888889,37.0361111111111,48.53,47.07,106.744444444444,105.731944444444,115.22,117.4,24.0297222222222,23.7611111111111,4
172,1.1019296922426,1.00422670509126,1.0081210592686,9.38388888888889,12.6547222222222,10.2022222222222,14.5475,2675.1,1484.69166666667,1353.6,1484.425,62.6388888888889,63.5555555555556,64.2777777777778,63.4166666666667,57.6111111111111,57.5277777777778,61.0,61.0,3534.69444444444,3071.11111111111,3309.05555555556,3325.55555555556,1402.0,1537.0,3645.08333333333,2580.5,44.725,44.725,44.1083333333333,44.525,45.3111111111111,45.7472222222222,18.2361111111111,18.2361111111111,48.53,47.07,106.744444444444,105.731944444444,115.22,117.4,86.505,85.5433333333334,4
173,1.1019296922426,1.00422670509126,1.0081210592686,9.38388888888889,12.6547222222222,10.2022222222222,14.5141666666667,2675.1,1484.69166666667,1353.6,1484.39722222222,59.1666666666667,59.0833333333333,56.3611111111111,56.3611111111111,59.1666666666667,57.25,61.0,61.0,3534.69444444444,3071.11111111111,3309.05555555556,3325.55555555556,1402.0,1537.0,3556.58333333333,2546.22222222222,46.9222222222222,46.9222222222222,47.4166666666667,47.9611111111111,45.5722222222222,45.5722222222222,18.1888888888889,18.1888888888889,48.53,47.07,106.744444444444,105.731944444444,115.22,117.4,86.5055555555556,85.5452777777778,4
174,1.1019296922426,1.00422670509126,1.0081210592686,9.38388888888889,12.6547222222222,10.2022222222222,14.4269444444444,2675.1,1484.69166666667,1353.6,1484.4,58.2777777777778,60.1111111111111,63.1666666666667,64.1388888888889,56.3888888888889,56.3611111111111,61.0,61.0,3534.69444444444,3071.11111111111,3309.05555555556,3325.55555555556,1402.0,1537.0,3658.13888888889,2548.41666666667,46.5166666666667,46.5166666666667,46.1861111111111,45.6805555555556,46.8583333333333,47.8583333333333,18.2055555555556,18.2055555555556,48.53,47.07,106.744444444444,105.731944444444,115.22,117.4,86.5041666666667,85.5475,4
175,1.1019296922426,1.00422670509126,1.0081210592686,9.38388888888889,12.6547222222222,10.2022222222222,14.5002777777778,2675.1,1484.69166666667,1353.6,1484.44444444444,60.1666666666667,61.0555555555556,54.5277777777778,54.4722222222222,58.0,57.9722222222222,61.0,61.0,3534.69444444444,3071.11111111111,3309.05555555556,3325.55555555556,1402.0,1537.0,3629.94444444444,2587.13888888889,43.6083333333333,43.6083333333333,47.2472222222222,47.9972222222222,48.0055555555556,47.3027777777778,18.2,18.2,48.53,47.07,106.744444444444,105.731944444444,115.22,117.4,86.5047222222222,85.5433333333333,4
176,1.1019296922426,1.00422670509126,1.0081210592686,9.38388888888889,12.6547222222222,10.2022222222222,14.3827777777778,2675.1,1484.69166666667,1353.6,1484.49444444444,59.3888888888889,60.3333333333333,59.4444444444444,58.5,67.2777777777778,62.9722222222222,61.0,61.0,3534.69444444444,3071.11111111111,3309.05555555556,3325.55555555556,1402.0,1537.0,3651.27777777778,2601.22222222222,45.3944444444444,45.3944444444444,42.2472222222222,43.275,41.0416666666667,41.0416666666667,18.2,18.2,48.53,47.07,106.744444444444,105.731944444444,115.22,117.4,86.5,85.5430555555556,4
177,1.1019296922426,1.00422670509126,1.0081210592686,9.38388888888889,12.6547222222222,10.2022222222222,15.7905555555556,2675.1,1484.69166666667,1353.6,1484.67222222222,59.3055555555556,58.4166666666667,57.25,58.0833333333333,59.2222222222222,59.1666666666667,61.0,61.0,3534.69444444444,3071.11111111111,3309.05555555556,3325.55555555556,1402.0,1537.0,3541.02777777778,2522.08333333333,45.3222222222222,45.3222222222222,47.825,48.0805555555555,44.4083333333333,45.0611111111111,18.7861111111111,18.7833333333333,48.53,47.07,106.744444444444,105.731944444444,115.22,117.4,86.5338888888889,85.4883333333333,4
178,1.1019296922426,1.00422670509126,1.0081210592686,9.38388888888889,12.6547222222222,10.2022222222222,16.7680555555556,2675.1,1484.69166666667,1353.6,1508.325,61.4722222222222,61.5277777777778,59.6111111111111,59.6944444444444,60.0555555555556,60.8333333333333,63.4166666666667,63.4166666666667,3534.69444444444,3071.11111111111,3309.05555555556,3325.55555555556,1402.0,1537.0,3176.80555555556,2343.05555555556,43.5861111111111,43.5861111111111,43.5722222222222,43.7833333333333,41.8388888888889,42.0638888888889,19.2666666666667,19.3527777777778,48.53,47.07,106.744444444444,105.731944444444,115.22,117.4,85.3116666666667,84.2002777777778,4
