,Profile factor,Symmetry,Crossflow,Swirl Angle,Flow Velocity1,Flow Velocity2,Flow Velocity3,Flow Velocity4,Average flow velocity,Speed of Sound1,Speed of Sound2,Speed of Sound3,Speed of Sound4,Average speed of sound,Signal Strength1,Signal Strength2,Signal Strength3,Signal Strength4,Signal Strength5,Signal Strength6,Signal Strength7,Signal Strength8,Turbulence1,Turbulence2,Turbulence3,Turbulence4,Meter performance,Signal Quality1,Signal Quality2,Signal Quality3,Signal Quality4,Signal Quality5,Signal Quality6,Signal Quality7,Signal Quality8,Gain1,Gain2,Gain3,Gain4,Gain5,Gain6,Gain7,Gain8,Transit time1,Transit time2,Transit time3,Transit time4,Transit time5,Transit time6,Transit time7,Transit time8,Class Attruibute
0,1.185088889,1.028127778,1.016477778,0.15,2.195744444,2.540944444,2.511961111,2.087888889,2.394438889,1483.869833,1486.382167,1485.372056,1484.989,1485.153222,5260.655556,5067.588889,4977.822222,4984.077778,5170.311111,5200.205556,4111.527778,4291.85,9.038944444,4.426833333,4.504555556,9.241222222,100.0,100.0,100.0,100.0,100.0,100.0,100.0,100.0,100.0,52.5,52.5,52.9,52.9,50.7,50.7,49.8,49.8,84.10706722,84.00309778,120.3387833,120.1442444,120.3717722,120.1790778,84.01905333,83.91997111,1
1,1.191805556,1.03375,1.019411111,0.217,2.192466667,2.546594444,2.516744444,2.075705556,2.396088889,1483.747389,1486.259222,1485.250333,1484.867056,1485.030722,5256.227778,5065.4,4978.022222,4981.433333,5172.344444,5200.816667,4107.144444,4286.327778,9.030166667,4.284,4.5975,9.166444444,100.0,100.0,100.0,100.0,100.0,100.0,100.0,100.0,100.0,52.5,52.5,52.9,52.9,50.7,50.7,49.8,49.8,84.11411611,84.00997278,120.3490889,120.1538889,120.3817,120.1888,84.02560722,83.92726,1
2,1.181983333,1.028088889,1.020994444,0.0889,3.246672222,3.738377778,3.715216667,3.079355556,3.523516667,1483.777056,1486.288222,1485.281,1484.898889,1485.061111,5278.55,5002.9,4971.044444,4958.055556,5146.377778,5179.372222,4039.272222,4302.883333,9.780722222,4.612,4.544777778,10.23116667,100.0,100.0,100.0,100.0,100.0,100.0,100.0,100.0,100.0,52.5,52.5,52.9,52.9,50.7,50.7,49.8,49.8,84.13748722,83.98333556,120.39245,120.1062056,120.4254222,120.1405778,84.04780944,83.90159333,1
3,1.182761111,1.028783333,1.021072222,0.117,3.244488889,3.741861111,3.718838889,3.0804,3.525933333,1483.847444,1486.357167,1485.350444,1484.970167,1485.131278,5276.144444,4994.794444,4973.305556,4956.305556,5149.922222,5175.688889,4036.355556,4297.377778,9.749388889,4.835333333,4.749277778,10.94505556,100.0,100.0,100.0,100.0,100.0,100.0,100.0,100.0,100.0,52.5,52.5,52.9,52.9,50.7,50.7,49.8,49.8,84.13349333,83.97940722,120.3870333,120.1004444,120.4198833,120.1349333,84.043715,83.89759722,1
4,1.182272222,1.028922222,1.02135,0.0222,3.245944444,3.742216667,3.715455556,3.08095,3.525127778,1483.819056,1486.328444,1485.3205,1484.944333,1485.103278,5272.716667,4993.561111,4969.877778,4952.244444,5147.422222,5174.011111,4035.338889,4297.572222,9.602333333,4.479888889,4.716833333,9.984055556,100.0,100.0,100.0,100.0,100.0,100.0,100.0,100.0,100.0,52.5,52.5,52.9,52.9,50.7,50.7,49.8,49.8,84.13535444,83.98080722,120.3893611,120.1028,120.42205,120.1374722,84.04534556,83.89895944,1
5,1.177961111,1.030905556,1.01945,0.0167,3.255338889,3.745594444,3.707655556,3.090322222,3.526094444,1483.780056,1486.289667,1485.282333,1484.903667,1485.063889,5270.022222,4994.744444,4968.261111,4951.883333,5144.1,5173.155556,4036.144444,4298.977778,10.12527778,4.779,4.788555556,10.83233333,100.0,100.0,100.0,100.0,100.0,100.0,100.0,100.0,100.0,52.5,52.5,52.9,52.9,50.7,50.7,49.8,49.8,84.13760167,83.98293944,120.3926778,120.1058056,120.4250333,120.1407889,84.04772389,83.90110833,1
6,1.187083333,1.029538889,1.020755556,0.217,3.233327778,3.742872222,3.719661111,3.071466667,3.523838889,1483.739111,1486.2485,1485.241,1484.865111,1485.023444,5266.194444,4994.694444,4968.844444,4955.655556,5142.305556,5174.222222,4034.083333,4300.105556,9.707055556,4.817722222,4.548944444,10.38844444,100.0,100.0,100.0,100.0,100.0,100.0,100.0,100.0,100.0,52.5,52.5,52.9,52.9,50.7,50.7,49.8,49.8,84.13922111,83.98597778,120.3960111,120.1091389,120.4289167,120.1435389,84.04931,83.90386389,1
7,1.183138889,1.03025,1.021972222,0.206,3.247594444,3.740238889,3.7175,3.077711111,3.524916667,1483.742333,1486.251111,1485.242444,1484.868722,1485.025778,5264.844444,4991.438889,4969.755556,4958.038889,5142.494444,5174.138889,4033.638889,4299.861111,9.995722222,4.650611111,4.766277778,10.33722222,100.0,100.0,100.0,100.0,100.0,100.0,100.0,100.0,100.0,52.5,52.5,52.9,52.9,50.7,50.7,49.8,49.8,84.13934944,83.98543722,120.3956611,120.1090944,120.4287778,120.1435056,84.04932333,83.90348833,1
8,1.181677778,1.031594444,1.021438889,0.189,3.98085,4.5847,4.545288889,3.764344444,4.318294444,1483.783,1486.290889,1485.281667,1484.908667,1485.066,5281.083333,4941.727778,4978.766667,4952.872222,5141.755556,5180.905556,3996.294444,4313.627778,10.39122222,4.858611111,4.774333333,11.02205556,100.0,100.0,100.0,100.0,100.0,100.0,100.0,100.0,100.0,52.5,52.5,52.9,52.9,50.7,50.7,49.8,49.8,84.15473167,83.96568278,120.4249111,120.0737944,120.4573056,120.1089778,84.06359111,83.88487,1
9,1.176644444,1.025333333,1.021261111,0.0389,4.923694444,5.653316667,5.632161111,4.681088889,5.341794444,1483.820611,1486.325611,1485.316556,1484.943278,1485.101222,5320.066667,4891.733333,4996.033333,4950.244444,5142.522222,5178.088889,3957.661111,4330.855556,11.02077778,5.132555556,4.966166667,12.15111111,100.0,100.0,100.0,100.0,100.0,100.0,100.0,100.0,100.0,52.5,52.5,52.9,52.9,50.7,50.7,49.8,49.8,84.17515667,83.94133056,120.4634444,120.0304333,120.4965556,120.0647333,84.08345778,83.86132833,1
10,1.175166667,1.030955556,1.023588889,0.0389,5.432227778,6.220983333,6.185872222,5.135733333,5.873866667,1484.044222,1486.5505,1485.538444,1485.169167,1485.325556,5332.027778,4873.361111,4992.244444,4932.955556,5137.683333,5169.883333,3931.966667,4351.377778,11.67572222,5.134,5.221833333,12.61011111,100.0,100.0,100.0,100.0,100.0,100.0,100.0,100.0,100.0,52.5,52.5,52.9,52.9,50.7,50.7,49.8,49.8,84.17454222,83.91671778,120.4670167,119.9907778,120.5000056,120.02585,84.08147333,83.83792222,1
11,1.178216667,1.026366667,1.022672222,0.15,5.926511111,6.811355556,6.786311111,5.622972222,6.446511111,1483.970444,1486.473778,1485.461389,1485.094111,1485.249389,5357.45,4848.522222,4986.105556,4933.1,5128.483333,5178.377778,3917.411111,4372.455556,11.43672222,4.863666667,4.824833333,11.67811111,100.0,100.0,100.0,100.0,100.0,100.0,100.0,100.0,100.0,52.5,52.5,52.9,52.9,50.7,50.7,49.8,49.8,84.19057,83.90927778,120.4962389,119.9744222,120.5294278,120.0093611,84.09724556,83.83075944,1
12,1.174122222,1.031733333,1.022855556,0.0722,5.950216667,6.813311111,6.772066667,5.628911111,6.446133333,1483.916,1486.419444,1485.408444,1485.041444,1485.196111,5357.638889,4844.455556,4988.083333,4931.122222,5128.3,5176.711111,3921.316667,4368.383333,11.72894444,5.124944444,4.917888889,12.55105556,100.0,100.0,100.0,100.0,100.0,100.0,100.0,100.0,100.0,52.5,52.5,52.9,52.9,50.7,50.7,49.8,49.8,84.194285,83.91168889,120.5006722,119.9787833,120.5331833,120.0142,84.10044889,83.83354167,1
13,1.176083333,1.025911111,1.022261111,0.1,5.936211111,6.810761111,6.777944444,5.629333333,6.445472222,1484.101833,1486.610556,1485.600889,1485.229722,1485.385611,5349.416667,4842.883333,4987.616667,4933.238889,5131.227778,5179.75,3915.788889,4374.183333,11.88994444,5.133,5.085222222,12.43666667,100.0,100.0,100.0,100.0,100.0,100.0,100.0,100.0,100.0,52.5,52.5,52.9,52.9,50.7,50.7,49.8,49.8,84.18315778,83.90176944,120.4849611,119.9636167,120.51795,119.9981444,84.08993722,83.82280167,1
14,1.175838889,1.029305556,1.023955556,0.088888889,5.945616667,6.810222222,6.779138889,5.619166667,6.445605556,1484.280778,1486.788611,1485.778389,1485.406778,1485.563389,5341.494444,4837.561111,4991.611111,4932.855556,5137.633333,5179.1,3912.294444,4375.272222,11.88216667,5.104111111,4.967055556,12.40338889,100.0,100.0,100.0,100.0,100.0,100.0,100.0,100.0,100.0,52.5,52.5,52.9,52.9,50.7,50.7,49.8,49.8,84.17325667,83.89134722,120.4704556,119.94925,120.5035333,119.9840167,84.07952722,83.81313611,1
15,1.174027778,1.029555556,1.022827778,0.083333333,5.952816667,6.814588889,6.771211111,5.6287,6.446583333,1484.138778,1486.645833,1485.634944,1485.268667,1485.422444,5347.872222,4841.838889,4988.4,4934.733333,5136.133333,5180.538889,3916.35,4375.1,11.68816667,5.087722222,4.983222222,12.45994444,100.0,100.0,100.0,100.0,100.0,100.0,100.0,100.0,100.0,52.5,52.5,52.9,52.9,50.7,50.7,49.8,49.8,84.18167389,83.89910111,120.4822833,119.9604222,120.5147444,119.9959333,84.08747667,83.82080944,1
16,1.173205556,1.029394444,1.023177778,0.044444444,5.960361111,6.813922222,6.770138889,5.629127778,6.447083333,1484.051833,1486.559222,1485.547778,1485.177667,1485.334056,5350.716667,4842.066667,4989.283333,4933.061111,5133.777778,5180.327778,3920.561111,4374.833333,11.30272222,4.990222222,5.091666667,12.69372222,100.0,100.0,100.0,100.0,100.0,100.0,100.0,100.0,100.0,52.5,52.5,52.9,52.9,50.7,50.7,49.8,49.8,84.18658222,83.90406278,120.4892444,119.9674889,120.522,120.0028111,84.09268333,83.82589,1
17,1.174877778,1.029327778,1.022738889,0.061111111,6.453072222,7.394988889,7.360511111,6.113111111,7.007811111,1484.062889,1486.569444,1485.555667,1485.190889,1485.344444,5369.983333,4813.766667,4985.294444,4922.916667,5122.894444,5177.627778,3906.633333,4384.833333,11.50172222,5.0655,4.996888889,12.47522222,100.0,100.0,100.0,100.0,100.0,100.0,100.0,100.0,100.0,52.5,52.5,52.9,52.9,50.7,50.7,49.8,49.8,84.19796333,83.89153944,120.5110444,119.9446556,120.5438778,119.9801278,84.10353833,83.81370444,1
18,1.172383333,1.033272222,1.024777778,0.022222222,6.9669,7.948372222,7.892705556,6.553933333,7.529366667,1484.262056,1486.763444,1485.754444,1485.3865,1485.541389,5385.8,4776.905556,4984.322222,4903.961111,5112.927778,5158.411111,3886.283333,4392.127778,12.15988889,5.219722222,5.064055556,13.18855556,100.0,100.0,100.0,100.0,100.0,100.0,100.0,100.0,100.0,52.5,52.5,52.9,52.9,50.7,50.7,49.8,49.8,84.19899611,83.86830556,120.5167333,119.9081278,120.5483889,119.9439389,84.10310778,83.79228944,1
19,1.420238889,0.961011111,0.957405556,1.29,2.252305556,2.833894444,2.826661111,2.3357,2.664838889,1411.841889,1487.8695,1486.649667,1486.200889,1484.662056,2489.15,2444.422222,3600.222222,3600.622222,4147.694444,4175.677778,4041.961111,4248.955556,40.40722222,9.801666667,6.747277778,9.252111111,93.36666667,74.58333333,74.70555556,98.55555556,98.52222222,100.0,100.0,100.0,100.0,55.90388889,55.90388889,53.19333333,53.19333333,50.2,50.2,49.8,49.8,81.65494222,81.54474556,120.2298944,120.0133167,120.2804556,120.0639833,83.95641333,83.84568611,2
20,1.2468,0.960172222,0.958061111,0.76,2.297955556,2.8523,2.836472222,2.358294444,2.685888889,1406.897056,1488.044444,1486.726944,1486.264333,1483.505389,2030.655556,2007.422222,3301.138889,3318.638889,4075.583333,4101.205556,4037.733333,4248.211111,55.47433333,12.28383333,6.664388889,8.045611111,90.27777778,65.97222222,65.9,95.01666667,95.04444444,99.96666667,99.96666667,100.0,100.0,59.81444444,59.81444444,53.42,53.42,50.2,50.2,49.8,49.8,81.005645,80.89375556,120.2162611,119.9981056,120.2743556,120.0571833,83.953295,83.84169667,2
21,2.308333333,0.829016667,0.87925,0.95,2.087205556,2.789627778,2.84095,2.395933333,2.715844444,1249.986278,1479.510222,1486.861111,1486.398056,1483.506,1669.7,1596.205556,2967.011111,3047.222222,4079.327778,4102.616667,4031.627778,4238.416667,66.57038889,17.99872222,6.296388889,7.676222222,86.04444444,54.26666667,55.08333333,89.10555556,89.35555556,99.92777778,99.92777778,100.0,100.0,68.96388889,68.96388889,53.52555556,53.52555556,50.2,50.2,49.8,49.8,72.615315,72.51371167,119.5710222,119.35835,120.2635278,120.0462667,83.94672222,83.83313,2
22,1.456162011,0.861194444,0.852755556,0.17,4.656094444,5.850488889,5.816783333,4.561127778,5.524155556,1351.213167,1480.941722,1479.193278,1367.909222,1479.4475,2104.922222,2020.45,1227.95,1281.627778,1672.427778,1720.95,2484.316667,2646.933333,46.38927778,20.38438889,13.55105556,25.69177778,71.06666667,50.43888889,50.88333333,79.01111111,79.21111111,91.71111111,91.96111111,62.37777778,62.41111111,57.93833333,57.93833333,57.67,57.67,53.16111111,53.16111111,51.78166667,51.78166667,77.67640444,77.45214167,120.9099111,120.4583722,121.0034389,120.5539111,77.63854722,77.42178778,2
23,1.172066667,1.025833333,1.022111111,0.01,5.215533333,5.95875,5.941005556,4.957,5.638733333,1489.0735,1491.877167,1490.688278,1490.250889,1490.4725,3516.166667,3206.844444,3585.544444,3578.633333,3826.672222,3865.477778,4274.977778,4687.872222,19.37555556,7.288611111,6.240722222,13.13572222,97.53888889,90.04444444,90.04444444,99.96111111,99.96111111,99.93333333,100.0,100.0,100.0,53.03722222,53.03722222,53.4,53.4,50.7,50.7,51.0,51.0,83.88488111,83.63907722,120.0260389,119.5730444,120.0734,119.6212222,83.79011,83.55661333,2
24,1.190827778,1.020316667,1.009038889,0.23,7.331794444,8.554705556,8.48375,7.104811111,8.083911111,1475.976667,1482.050389,1480.534278,1475.426556,1478.497389,2157.194444,1980.916667,2137.677778,2131.922222,2330.3,2418.661111,2500.822222,2952.566667,34.29161111,10.48511111,8.770333333,20.6025,93.60555556,80.03888889,79.93888889,97.58888889,97.58888889,99.44444444,99.51111111,97.06666667,97.06666667,55.20166667,55.20166667,55.77444444,55.77444444,52.84722222,52.84722222,52.12277778,52.12277778,84.68099278,84.32929167,120.9246222,120.2647889,120.9976222,120.3435556,84.68530944,84.34427889,2
25,1.184405556,1.023572222,1.01395,0.14,1.190488889,1.381766667,1.375105556,1.1485,1.315461111,1489.546889,1491.489222,1490.323167,1489.859333,1490.304833,3448.861111,3382.588889,4000.588889,4032.116667,5451.772222,5468.716667,5144.661111,5230.733333,25.70744444,5.111444444,4.094388889,6.997611111,99.97222222,99.86111111,99.86111111,100.0,100.0,100.0,100.0,100.0,100.0,55.35888889,55.35888889,53.2,53.2,51.1,51.1,50.7,50.7,83.76251389,83.70655111,119.8821389,119.7770389,119.9280167,119.8232667,83.72200278,83.66794389,2
26,1.181927778,1.032433333,1.017605556,0.04,1.200544444,1.384727778,1.369433333,1.142683333,1.315033333,1489.3925,1491.315389,1490.143222,1489.679833,1490.132611,3483.922222,3420.611111,4043.822222,4070.811111,5455.677778,5468.433333,5142.566667,5240.083333,26.00577778,4.964111111,3.996944444,7.197111111,99.83888889,99.33888889,99.33888889,100.0,100.0,100.0,100.0,100.0,100.0,55.43444444,55.43444444,53.2,53.2,51.1,51.1,50.7,50.7,83.77165833,83.71512778,119.8962611,119.7909444,119.9423278,119.8379833,83.73198111,83.67812778,2
27,1.193094444,1.010088889,1.008488889,0.31,1.171861111,1.37985,1.379566667,1.148977778,1.313922222,1486.386778,1488.419222,1487.252444,1486.7975,1487.213833,3432.011111,3369.427778,4254.566667,4280.244444,5525.738889,5538.705556,5149.755556,5248.922222,22.49694444,4.893555556,4.015333333,6.534,100.0,100.0,100.0,100.0,100.0,100.0,100.0,100.0,100.0,54.62333333,54.62333333,53.2,53.2,51.1,51.1,50.7,50.7,83.94035833,83.88505444,120.1294944,120.0242611,120.1759667,120.07045,83.89455167,83.84009278,2
28,1.198183333,1.009983333,1.009344444,0.37,1.161388889,1.3706,1.369127778,1.137972222,1.304022222,1485.880333,1487.952278,1486.792056,1486.334222,1486.740611,3564.972222,3470.283333,4200.4,4231.955556,5510.622222,5527.811111,5152.9,5235.911111,28.14155556,5.031777778,3.924833333,6.936388889,99.98888889,99.96111111,99.96111111,100.0,100.0,100.0,100.0,100.0,100.0,54.25277778,54.25277778,53.2,53.2,51.1,51.1,50.7,50.7,83.96860722,83.91366333,120.1668167,120.0620667,120.2127944,120.1080333,83.92038333,83.86650889,2
29,1.211366667,1.016494444,1.014527778,0.54,1.190788889,1.3482,1.346022222,1.116933333,1.288855556,1484.285389,1487.521889,1486.358556,1485.902167,1486.017111,2929.944444,2863.522222,4153.605556,4182.216667,5523.177778,5537.027778,5143.116667,5251.516667,45.0485,4.712333333,3.970944444,6.828777778,96.86111111,87.22222222,87.23888889,100.0,100.0,100.0,100.0,100.0,100.0,58.21,58.21,53.2,53.2,51.1,51.1,50.7,50.7,84.05946889,84.00419778,120.2007556,120.0977556,120.2469333,120.1439056,83.94433556,83.89134278,2
30,1.312211111,0.972661111,0.9499,0.48,1.078911111,1.329966667,1.299422222,1.084605556,1.256283333,1381.306222,1486.917722,1485.745333,1485.278722,1482.513722,2223.883333,2231.772222,4251.461111,4283.277778,5507.016667,5520.527778,5135.388889,5242.783333,57.31916667,5.445222222,4.552555556,7.259555556,90.76666667,62.72777778,62.86111111,100.0,100.0,100.0,100.0,100.0,100.0,60.85833333,60.85833333,53.2,53.2,51.1,51.1,50.7,50.7,79.620625,79.56761167,120.2490389,120.1471278,120.2949333,120.1952056,83.97883833,83.92732333,2
31,1.136838889,0.940277778,0.914677778,1.54,1.028461111,1.419072222,1.389716667,1.157788889,1.333388889,1333.784056,1486.454611,1485.254278,1484.7795,1482.642056,2361.294444,2469.761111,4398.855556,4434.45,5474.572222,5487.461111,5133.261111,5216.255556,60.86211111,7.6285,5.240944444,7.747222222,87.49444444,49.1,50.12222222,99.92777778,99.92777778,100.0,100.0,100.0,100.0,64.62944444,64.62944444,53.2,53.2,51.1,51.1,50.7,50.7,76.71123556,76.66091833,120.2898556,120.1811556,120.3380444,120.2314778,84.00876611,83.95384667,2
32,1.279861111,1.097538889,1.090877778,1.85,6.883377778,8.014588889,7.971905556,5.616416667,7.441677778,1484.179333,1486.658,1485.529556,1551.575056,1501.985333,5428.944444,4928.005556,5297.955556,5188.483333,5222.894444,5299.544444,756.1293,1730.594889,12.06316667,5.000222222,4.9425,15.69066667,95.60555556,100.0,100.0,100.0,100.0,100.0,100.0,81.73888889,82.80555556,52.6,52.6,53.2,53.2,51.7,51.7,80.475,80.475,84.20159556,83.87497,120.5278389,119.9141167,120.5700389,119.9587667,80.48719778,80.24504778,3
33,1.287733333,1.11275,1.104638889,1.828,6.434161111,7.429444444,7.384727778,5.116883333,6.88875,1484.147667,1486.625667,1485.498222,1551.5225,1501.948667,5415.833333,4953.994444,5293.761111,5207.972222,5225.116667,5305.494444,1019.278278,1752.104444,12.49883333,5.236055556,4.942444444,19.25866667,96.07777778,100.0,100.0,100.0,100.0,100.0,100.0,83.85555556,84.50555556,52.6,52.6,53.2,53.2,51.7,51.7,80.8,80.8,84.19270889,83.88718556,120.5077444,119.93885,120.5496833,119.9835833,80.47950444,80.25851444,3
34,1.291644444,1.1046,1.096916667,1.906,5.889911111,6.868644444,6.826755556,4.755272222,6.355544444,1483.968778,1486.447944,1485.318278,1551.343833,1501.769778,5401.572222,4986.155556,5295.766667,5222.561111,5231.111111,5304.766667,1032.097167,1712.299611,12.10744444,5.053166667,4.990055556,17.64133333,96.40555556,100.0,100.0,100.0,100.0,100.0,100.0,85.31111111,85.58888889,52.6,52.6,53.2,53.2,51.7,51.7,80.74166667,80.74166667,84.18981056,83.91012833,120.50045,119.9744056,120.5427667,120.0192833,80.48088667,80.27548389,3
35,1.282005556,1.099077778,1.089055556,1.789,5.9017,6.8827,6.827011111,4.802327778,6.368977778,1483.904222,1486.383333,1485.253389,1551.253833,1501.698944,5402.294444,4986.027778,5294.244444,5219.405556,5231.727778,5300.561111,1035.529794,1641.688833,11.65572222,5.194888889,4.805166667,16.1355,96.52222222,100.0,100.0,100.0,100.0,100.0,100.0,85.6,86.17222222,52.6,52.6,53.2,53.2,51.7,51.7,80.96722222,80.96722222,84.19378333,83.91351611,120.5061944,119.9790722,120.5480167,120.0244778,80.48667444,80.279045,3
36,1.280033333,1.102955556,1.094005556,1.733,5.926461111,6.870388889,6.817827778,4.794133333,6.363422222,1484.1265,1486.608056,1485.477944,1551.317944,1501.882611,5397.316667,4985.227778,5297.405556,5223.088889,5229.166667,5307.727778,1015.050961,1599.613,11.53611111,5.1575,4.751,17.40683333,96.65555556,100.0,100.0,100.0,100.0,100.0,100.0,86.26111111,86.73333333,52.6,52.6,53.2,53.2,51.7,51.7,80.82055556,80.82055556,84.18174056,83.90036,120.4874667,119.9615167,120.5293833,120.0067444,80.48315778,80.27587278,3
37,1.279061111,1.096305556,1.087266667,1.689,5.898233333,6.876605556,6.827911111,4.834483333,6.371088889,1484.026167,1486.505722,1485.378056,1551.198833,1501.776833,5400.616667,4985.85,5294.611111,5222.355556,5229.9,5305.05,1064.986667,1727.269944,11.95783333,4.956111111,5.075277778,16.767,96.92777778,100.0,100.0,100.0,100.0,100.0,100.0,87.39444444,87.61111111,52.6,52.6,53.2,53.2,51.7,51.7,80.69722222,80.69722222,84.18676444,83.90672611,120.4960889,119.9694889,120.5379222,120.0143889,80.49006,80.28138889,3
38,1.276705556,1.091683333,1.086594444,1.739,5.890927778,6.861472222,6.833055556,4.850366667,6.368633333,1483.895111,1486.372389,1485.242333,1551.112111,1501.655444,5403.866667,4986.461111,5295.633333,5220.888889,5233.3,5301.477778,1035.086278,1673.928556,12.37205556,5.128444444,5.093222222,16.69255556,97.24444444,100.0,100.0,100.0,100.0,100.0,100.0,88.36666667,88.88888889,52.6,52.6,53.2,53.2,51.7,51.7,80.75277778,80.75277778,84.19408056,83.914225,120.5062778,119.9807944,120.5491556,120.0251722,80.49492167,80.28546,3
39,1.292644444,1.113844444,1.102544444,1.739,5.930811111,6.875377778,6.812516667,4.806416667,6.365777778,1483.804889,1486.283556,1485.153611,1551.066611,1501.576944,5407.644444,4983.905556,5298.155556,5218.277778,5235.433333,5298.766667,1051.421,1672.663556,12.09222222,5.209555556,5.029388889,17.35966667,97.33333333,100.0,100.0,100.0,100.0,100.0,100.0,88.76666667,89.33888889,52.6,52.6,53.2,53.2,51.7,51.7,80.93333333,80.93333333,84.200095,83.918485,120.5140111,119.9874278,120.5556,120.0330222,80.49631167,80.28886222,3
40,1.296166667,1.096772222,1.089177778,1.956,3.163772222,3.717838889,3.697022222,2.589744444,3.432427778,1483.380333,1485.860611,1484.730722,1550.802833,1501.193611,5321.461111,5128.666667,5305.705556,5282.605556,5274.222222,5318.127778,1166.034556,1520.671778,10.23933333,4.787333333,4.563833333,19.94166667,97.90555556,100.0,100.0,100.0,100.0,100.0,100.0,91.12222222,91.48333333,52.6,52.6,53.2,53.2,51.7,51.7,80.5,80.5,84.15810944,84.00773944,120.4264556,120.1414611,120.4694333,120.1857389,80.461855,80.35007778,3
41,1.292188889,1.101433333,1.091744444,1.911,3.182811111,3.721,3.694311111,2.588838889,3.435033333,1483.333,1485.813444,1484.684556,1550.788889,1501.155167,5324.011111,5129.2,5308.344444,5284.144444,5276.577778,5318.438889,1148.408667,1503.347056,10.08416667,4.700222222,4.691555556,21.33127778,97.98333333,100.0,100.0,100.0,100.0,100.0,100.0,91.14444444,91.60555556,52.6,52.6,53.2,53.2,51.7,51.7,80.5,80.5,84.16119722,84.01003944,120.4304222,120.1450944,120.4730944,120.1895778,80.46252167,80.35086944,3
42,1.283383333,1.096877778,1.087438889,1.761,3.185466667,3.716933333,3.690905556,2.611105556,3.435766667,1483.290389,1485.772056,1484.642278,1550.767667,1501.118056,5325.3,5129.938889,5309.816667,5285.194444,5276.961111,5318.033333,1114.946389,1464.481389,10.33283333,4.6045,4.766555556,18.97994444,98.02222222,100.0,100.0,100.0,100.0,100.0,100.0,91.42222222,92.02777778,52.6,52.6,53.2,53.2,51.7,51.7,80.5,80.5,84.16372167,84.012305,120.4335833,120.1486333,120.4764278,120.1931389,80.46418056,80.35144833,3
43,1.315583333,1.104455556,1.099094444,1.967,3.156983333,3.716322222,3.704833333,2.58245,3.432788889,1483.279,1485.756611,1484.628778,1550.784722,1501.1125,5325.033333,5130.266667,5309.922222,5286.738889,5275.755556,5317.233333,1105.7035,1455.836778,10.37544444,4.656388889,4.583944444,19.48322222,97.89444444,100.0,100.0,100.0,100.0,100.0,100.0,91.01111111,91.7,52.6,52.6,53.2,53.2,51.7,51.7,80.5,80.5,84.16369667,84.01363111,120.4347722,120.1499111,120.4780556,120.1937111,80.46267056,80.35118556,3
44,1.280094444,1.102083333,1.088833333,1.728,3.204833333,3.72355,3.686805556,2.607211111,3.438761111,1483.302111,1485.781556,1484.651667,1550.781444,1501.129167,5327.127778,5128.861111,5309.183333,5284.666667,5275.85,5317.416667,1117.527333,1444.507278,10.28305556,4.926333333,4.694222222,19.94961111,97.72777778,100.0,100.0,100.0,100.0,100.0,100.0,90.37222222,90.75,52.6,52.6,53.2,53.2,51.7,51.7,80.5,80.5,84.16350556,84.01117111,120.4330667,120.1476389,120.4755,120.1925278,80.46328611,80.35095944,3
45,1.291227778,1.095355556,1.086561111,1.9,3.171244444,3.724355556,3.699205556,2.601388889,3.438133333,1483.341889,1485.823611,1484.692611,1550.802833,1501.165778,5324.816667,5130.95,5307.627778,5283.194444,5275.111111,5317.594444,1152.652556,1454.049278,10.0745,4.739944444,4.63,19.38661111,97.98333333,100.0,100.0,100.0,100.0,100.0,100.0,91.43888889,91.98888889,52.6,52.6,53.2,53.2,51.7,51.7,80.5,80.5,84.16037389,84.00976778,120.4297556,120.1441833,120.4726389,120.1887167,80.46216111,80.349875,3
46,1.307094444,1.096577778,1.090722222,1.994,2.184272222,2.578455556,2.568733333,1.797683333,2.38695,1483.364667,1485.847778,1484.715278,1550.8175,1501.1865,5308.605556,5164.35,5301.727778,5291.422222,5271.327778,5298.6,1181.680056,1453.447611,9.249666667,4.553944444,4.309722222,24.32466667,97.89444444,100.0,100.0,100.0,100.0,100.0,100.0,91.13333333,91.41666667,52.6,52.6,53.2,53.2,51.7,51.7,80.5,80.5,84.13564889,84.03177222,120.3835722,120.1859611,120.4271111,120.2300333,80.44399278,80.366335,3
47,1.290861111,1.095111111,1.081922222,1.806,2.194433333,2.5864,2.560316667,1.812938889,2.390227778,1483.357833,1485.839833,1484.708778,1550.804167,1501.1775,5308.633333,5163.75,5301.716667,5292.311111,5271.45,5299.244444,1163.0645,1406.675444,8.729722222,4.437055556,4.442166667,23.93483333,98.19444444,100.0,100.0,100.0,100.0,100.0,100.0,92.26666667,92.58888889,52.6,52.6,53.2,53.2,51.7,51.7,80.5,80.5,84.13627333,84.03197278,120.3845667,120.1863333,120.4273611,120.2309056,80.44498056,80.36676611,3
48,1.285316667,1.089283333,1.085905556,1.8,3.885088889,4.551855556,4.542411111,3.213294444,4.217061111,1483.376222,1485.856278,1484.726667,1550.838056,1501.199389,5358.461111,5098.766667,5318.327778,5259.088889,5267.566667,5309.0,1135.101056,1562.814444,10.85972222,4.822277778,4.712555556,17.87055556,97.76111111,100.0,100.0,100.0,100.0,100.0,100.0,90.34444444,90.87222222,52.6,52.6,53.2,53.2,51.7,51.7,80.63333333,80.63333333,84.17555278,83.99091,120.4589667,120.1100278,120.5024278,120.1538056,80.47365333,80.33475889,3
49,1.283416667,1.094033333,1.087272222,1.833,4.897144444,5.728216667,5.699005556,4.0229,5.298966667,1483.385111,1485.863556,1484.731778,1550.776389,1501.189333,5401.0,5040.655556,5304.2,5255.644444,5243.25,5310.194444,1058.419556,1597.827222,12.20811111,5.032722222,5.199333333,17.18294444,97.30555556,100.0,100.0,100.0,100.0,100.0,100.0,88.46666667,89.29444444,52.6,52.6,53.2,53.2,51.7,51.7,81.0,81.0,84.19924444,83.96651667,120.5038,120.0647056,120.5467,120.1093778,80.49425111,80.32075611,3
50,1.293994444,1.110888889,1.098283333,1.828,5.397344444,6.286433333,6.228233333,4.356344444,5.801277778,1483.464889,1485.944889,1484.8155,1550.805833,1501.257389,5416.433333,5015.85,5308.261111,5242.088889,5240.022222,5306.522222,1034.053278,1564.187611,11.72133333,4.921333333,4.935166667,18.32244444,97.47222222,100.0,100.0,100.0,100.0,100.0,100.0,89.08333333,90.20555556,52.6,52.6,53.2,53.2,51.7,51.7,81.0,81.0,84.20669722,83.95022167,120.5188111,120.03705,120.5604667,120.0825611,80.49982444,80.31219333,3
51,1.2868,1.100666667,1.092511111,1.811,5.377255556,6.272505556,6.234022222,4.407855556,5.802661111,1483.340667,1485.818944,1484.6885,1550.641611,1501.1225,5417.111111,5018.127778,5312.3,5245.644444,5241.644444,5307.088889,1049.6075,1566.328167,11.549,5.059166667,4.909444444,17.01955556,97.13888889,100.0,100.0,100.0,100.0,100.0,100.0,87.63333333,88.94444444,52.6,52.6,53.2,53.2,51.7,51.7,81.0,81.0,84.21318333,83.95775722,120.5284611,120.0477611,120.5709667,120.0925667,80.50894111,80.31977167,3
52,1.375172222,1.187527778,1.052705556,2.2,2.969761111,3.64525,3.311844444,2.469727778,3.227816667,1541.515889,1498.550389,1502.126389,1551.32,1523.378056,4208.505556,4349.208333,3475.411111,3764.988889,5235.722222,5045.894444,562.6939111,771.0562611,12.49733333,4.774277778,5.686944444,36.38755556,94.11666667,99.53888889,99.53888889,100.0,100.0,100.0,100.0,73.63888889,79.58333333,77.50888889,77.50888889,69.35277778,69.35277778,69.4,69.4,84.88888889,84.88888889,80.97670556,80.84693833,119.4027833,119.1279667,119.0594889,118.8085667,80.43156778,80.32603944,3
53,1.271911111,1.064922222,0.868344444,2.09,2.915638889,3.618711111,3.311838889,2.513666667,3.216933333,1542.248556,1498.846778,1502.5275,1551.382944,1523.751389,3876.957389,3556.2,3267.927778,3596.116667,5307.311111,5105.944444,640.3673056,846.9639111,12.97138889,5.062277778,5.667777778,35.56272222,94.26111111,99.89444444,99.89444444,100.0,100.0,100.0,100.0,73.86666667,79.47222222,77.4,77.4,70.09722222,70.09722222,69.30666667,69.30666667,84.61111111,84.61111111,80.93730833,80.80951111,119.3782333,119.1053167,119.0274833,118.7770167,80.42996611,80.32193778,3
54,1.5761,1.152322222,1.048,1.76,2.979433333,3.609827778,3.343794444,2.500894444,3.2321,1525.045833,1499.010167,1502.237833,1550.663111,1519.238889,4524.819444,4526.172222,5295.966667,5161.777778,5274.911111,5053.444444,785.8177389,994.2056278,12.04416667,5.058388889,5.759333333,30.06111111,94.56666667,99.96666667,99.96666667,100.0,100.0,100.0,100.0,75.52222222,80.23888889,69.21444444,69.21444444,71.03777778,71.03777778,69.0,69.0,82.6,82.6,81.88012,81.74598222,119.3650722,119.0924833,119.0514444,118.7989611,80.46683389,80.35961278,3
55,1.214477778,1.172,1.032044444,0.572,3.924827778,4.537555556,4.044027778,3.213655556,4.034633333,1483.856833,1486.375389,1502.266389,1550.286556,1505.696056,5615.4,5319.572222,4933.894444,4910.338889,4970.111111,4701.327778,934.8723333,1276.084489,10.38677778,4.743888889,5.695666667,20.47061111,94.82222222,100.0,100.0,100.0,100.0,100.0,100.0,77.22222222,80.85555556,52.7,52.7,52.9,52.9,69.0,69.0,81.7,81.7,84.14917111,83.96285222,120.4163222,120.0687611,119.0762111,118.7700389,80.50147667,80.36410444,3
56,1.213616667,1.187472222,1.028405556,0.533,4.870161111,5.655472222,4.966666667,3.958811111,4.998972222,1483.988056,1486.503222,1502.250778,1550.305389,1505.761778,5663.905556,5292.077778,4942.983333,4885.183333,5167.183333,4887.855556,1026.973611,1501.827111,11.09905556,4.965388889,5.801944444,19.53061111,95.42222222,100.0,100.0,100.0,100.0,100.0,100.0,79.52777778,83.4,52.7,52.7,52.9,52.9,69.0,69.0,80.9,80.9,84.16450222,83.93291667,120.4490667,120.0159889,119.1130444,118.7361,80.516575,80.34728667,3
57,1.216822222,1.178994444,1.031088889,0.667,5.405238889,6.285633333,5.566127778,4.390483333,5.570161111,1484.099556,1486.613,1502.225667,1550.354611,1505.823111,5361.094444,4958.877778,4940.766667,4877.605556,5249.427778,4944.466667,1072.656,1598.583056,11.15705556,4.753722222,5.565611111,20.13777778,96.4,100.0,100.0,100.0,100.0,100.0,100.0,83.26666667,87.05555556,52.31111111,52.31111111,52.9,52.9,69.0,69.0,80.9,80.9,84.17081333,83.91413722,120.4645222,119.9831611,119.1377833,118.7157611,80.52309778,80.33576333,3
58,1.220938889,1.150772222,1.042366667,0.794,5.941555556,6.8771,6.287127778,4.864694444,6.183077778,1483.903167,1486.4105,1502.121889,1550.200833,1505.658889,5397.9,4943.555556,4918.038889,4865.211111,5203.288889,4838.488889,1083.110556,1574.3385,11.77683333,4.825666667,5.546277778,19.04144444,95.65,100.0,100.0,100.0,100.0,100.0,100.0,79.48888889,85.07777778,52.3,52.3,52.9,52.9,68.5,68.5,80.56888889,80.56888889,84.19482778,83.91267667,120.5037889,119.9771278,119.1719889,118.6983889,80.54111667,80.333905,3
59,1.22315,1.148861111,1.045761111,0.9,5.943827778,6.877994444,6.316816667,4.85865,6.193783333,1484.061111,1486.571667,1502.1875,1550.165667,1505.746167,5397.022222,4948.594444,4925.238889,4871.761111,5239.6,4876.1,1099.104056,1660.010611,12.24633333,5.080444444,5.628277778,18.73955556,95.49444444,100.0,100.0,100.0,100.0,100.0,100.0,78.75,84.48888889,52.3,52.3,52.9,52.9,68.5,68.5,80.5,80.5,84.185935,83.90364222,120.4908222,119.9640778,119.1677889,118.6922389,80.54248111,80.33620278,3
60,1.228538889,1.147172222,1.047438889,0.794,5.937027778,6.870805556,6.325561111,4.829477778,6.189288889,1483.858333,1486.364778,1502.063222,1549.995389,1505.5705,5406.761111,4955.977778,4930.277778,4874.672222,5383.483333,5015.511111,1125.290389,1648.640944,12.3875,5.005166667,5.702333333,18.85922222,94.83333333,100.0,100.0,100.0,100.0,100.0,100.0,75.65555556,82.48333333,52.3,52.3,52.9,52.9,68.5,68.5,80.5,80.5,84.19727611,83.91521222,120.5072556,119.9811167,119.1779722,118.7018056,80.55099833,80.34572556,3
61,1.229144444,1.153188889,1.053,0.856,5.954311111,6.867555556,6.33645,4.867411111,6.199966667,1483.837833,1486.346667,1502.072278,1549.981222,1505.5595,5408.655556,4956.2,4930.811111,4873.9,5488.05,5108.2,1174.45635,1662.044611,12.32983333,4.954666667,5.573666667,19.05355556,94.96666667,100.0,100.0,100.0,100.0,100.0,100.0,74.79444444,84.05555556,52.3,52.3,52.9,52.9,68.5,68.5,80.5,80.5,84.19901,83.91585333,120.5087444,119.9825611,119.1774833,118.7007889,80.55216667,80.34570778,3
62,1.232594444,1.152072222,1.053155556,0.988888889,5.939233333,6.879805556,6.349988889,4.832405556,6.202361111,1484.056611,1486.565944,1502.280111,1550.034333,1505.734444,5402.094444,4957.044444,4929.522222,4877.105556,5544.494444,5152.744444,1145.3155,1656.614556,12.26188889,5.090555556,5.516,20.14922222,95.36666667,100.0,100.0,100.0,100.0,100.0,100.0,77.85555556,84.38888889,52.3,52.3,52.9,52.9,68.5,68.5,80.5,80.5,84.18610722,83.90393333,120.4913222,119.9644056,119.1614389,118.6839222,80.54749333,80.34376611,3
63,1.2225,1.138366667,1.0425,0.733333333,6.386061111,7.383433333,6.822677778,5.276905556,6.684383333,1484.069111,1486.577667,1502.317111,1549.877833,1505.710333,5421.211111,4935.494444,4921.066667,4858.833333,4867.283333,4456.033333,1261.806333,1847.845056,12.29055556,5.113722222,5.588666667,20.21705556,94.49444444,100.0,100.0,100.0,100.0,100.0,100.0,72.93333333,82.2,52.3,52.3,52.9,52.9,67.7,67.7,80.0,80.0,84.196085,83.89264444,120.5100111,119.9443778,119.1763667,118.6635722,80.56671111,80.34308778,3
64,1.174856287,1.0401584506901407,1.0219993740563382,0.9210801251830986,3.107061111,3.512627778,3.317233333,3.836605712028169,3.259622222,1438.669,1514.623889,1517.042389,1510.050536746479,1526.604333,179.3264272,205.4892333,1754.218611,2062.488889,1399.037889,1686.194278,2524.563460123944,2903.3896041732382,39.393,7.016555556,7.226777778,16.9463505479155,61.42777778,56.52222222,63.52222222,90.36666667,90.36666667,94.98333333,94.98333333,0.111111111,0.294444444,87.90555556,87.90555556,80.3,80.3,80.5,80.5,97.34666667,97.34666667,74.690575,74.55761389,118.1291444,117.8702056,117.8873444,117.6419111,81.9990853756338,81.82539345056335,3
65,1.22119883,1.0401584506901407,1.0219993740563382,0.9210801251830986,2.267005556,3.508016667,3.325572222,3.836605712028169,3.025944444,1473.216389,1514.580889,1516.976389,1510.050536746479,1526.854111,186.4404833,217.1264444,1690.274056,2097.869,1370.127444,1619.820333,2524.563460123944,2903.3896041732382,38.75733333,6.753444444,6.876,16.9463505479155,61.37222222,55.46666667,63.11666667,90.45555556,90.45555556,95.43333333,95.43333333,0.072222222,0.25,87.7,87.7,80.3,80.3,80.5,80.5,97.50166667,97.50166667,76.90191778,76.80679056,118.1323389,117.8736444,117.8926444,117.6467333,81.9990853756338,81.82539345056335,3
66,1.848737143,1.0401584506901407,1.0219993740563382,0.9210801251830986,2.327466667,3.519555556,3.327438889,3.836605712028169,3.031855556,1507.758611,1514.6885,1517.054778,1510.050536746479,1527.202833,177.6081389,209.1152111,1847.714889,2120.7935,1337.901833,1638.603389,2524.563460123944,2903.3896041732382,40.80311111,6.518444444,7.595833333,16.9463505479155,61.9,58.55,65.85,88.96111111,88.96111111,96.15555556,96.15555556,0.066666667,0.322222222,87.70722222,87.70722222,80.3,80.3,80.5,80.5,97.31444444,97.31444444,78.23916667,78.14235833,118.1243833,117.86485,117.8868222,117.6404556,81.9990853756338,81.82539345056335,3
67,2.326091954,1.0401584506901407,1.0219993740563382,0.9210801251830986,3.002233333,3.511055556,3.322461111,3.836605712028169,3.211477778,1498.998833,1514.725389,1517.063833,1510.050536746479,1527.105889,167.7867889,197.0246889,1881.601889,2215.661222,1344.907444,1558.279556,2524.563460123944,2903.3896041732382,33.16494444,6.479833333,7.023444444,16.9463505479155,62.61666667,59.32777778,66.31111111,91.87777778,91.87777778,95.28333333,95.28333333,76.85015835691568,0.211111111,87.94166667,87.94166667,79.9,79.9,80.5,80.5,97.36055556,97.36055556,77.81642056,77.68814389,118.1213,117.8623222,117.8858278,117.64015,81.9990853756338,81.82539345056335,3
68,2.391191011,1.0401584506901407,1.0219993740563382,0.9210801251830986,2.99545,3.497694444,3.326566667,3.836605712028169,3.230522222,1533.350222,1514.608111,1516.927333,1510.050536746479,1527.242722,160.9670778,200.6279667,1816.3305,2181.413889,1336.820111,1517.226944,2524.563460123944,2903.3896041732382,34.108,6.722277778,7.731222222,16.9463505479155,64.09444444,64.77222222,70.07777778,91.69444444,91.69444444,96.60555556,96.60555556,0.066666667,0.3,87.6,87.6,79.9,79.9,80.5,80.5,97.30444444,97.30444444,79.16203556,79.03472333,118.1299,117.8717722,117.8966389,117.6505556,81.9990853756338,81.82539345056335,3
69,2.402433333,1.0401584506901407,1.0219993740563382,0.9210801251830986,4.378755556,5.563133333,5.282161111,3.836605712028169,4.908638889,1550.926056,1514.776833,1516.959833,1510.050536746479,1527.554111,135.7595033,182.71685,1790.1555,2450.419444,1084.43915,1357.276722,2524.563460123944,2903.3896041732382,23.90261111,6.207666667,6.350777778,16.9463505479155,64.56111111,66.99444444,76.23333333,92.27222222,92.27222222,94.0,94.0,76.85015835691568,0.138888889,87.96222222,87.96222222,79.9,79.9,80.5,80.5,97.14666667,97.14666667,80.51426056,80.32791556,118.1932611,117.7832056,117.9667,117.5763556,81.9990853756338,81.82539345056335,3
70,2.528122222,1.0401584506901407,1.0219993740563382,0.9210801251830986,4.757427778,6.046633333,5.729872222,3.836605712028169,5.342911111,1550.966889,1514.759444,1516.902056,1510.050536746479,1527.543,126.6864556,185.8344056,1701.375889,2308.177056,919.7000778,1247.293611,2524.563460123944,2903.3896041732382,24.436,6.136722222,6.356055556,16.9463505479155,64.34444444,66.3,75.40555556,90.79444444,90.79444444,95.23333333,95.23333333,0.038888889,0.238888889,87.98833333,87.98833333,79.9,79.9,81.11388889,81.11388889,97.26055556,97.26055556,80.52044944,80.31769333,118.2125889,117.7669556,117.9876667,117.5645611,81.9990853756338,81.82539345056335,3
71,2.792661111,1.0401584506901407,1.0219993740563382,0.9210801251830986,5.372844444,6.672327778,6.320427778,3.836605712028169,5.9321,1550.682889,1514.838611,1516.942389,1510.050536746479,1527.488222,126.2139889,187.37705,1590.756056,2316.101,750.8093667,1058.162111,2524.563460123944,2903.3896041732382,23.40011111,5.895,6.429222222,16.9463505479155,63.38888889,63.7,74.45,89.9,89.9,94.10555556,94.10555556,0.144444444,0.255555556,87.65833333,87.65833333,79.95388889,79.95388889,81.53555556,81.53555556,96.52833333,96.52833333,80.54790278,80.31970222,118.2297167,117.7379444,118.0064722,117.5399333,81.9990853756338,81.82539345056335,3
72,2.418111111,1.0401584506901407,1.0219993740563382,0.9210801251830986,5.3323,6.662455556,6.288444444,3.836605712028169,5.922272222,1550.598167,1514.837722,1516.918111,1510.050536746479,1527.452111,126.5511661,188.5766722,1547.186278,2372.372333,609.5800889,824.4139889,2524.563460123944,2903.3896041732382,23.87866667,5.989722222,6.529555556,16.9463505479155,63.75,65.01666667,75.31666667,91.17222222,91.25,93.03888889,93.03888889,0.211111111,0.355555556,87.54388889,87.54388889,79.87333333,79.87333333,82.13055556,82.13055556,96.46277778,96.46277778,80.55222889,80.32385222,118.2292944,117.73855,118.0072056,117.54275,81.9990853756338,81.82539345056335,3
73,3.290424581,1.0401584506901407,1.0219993740563382,0.9210801251830986,5.420572222,6.653588889,6.309761111,3.836605712028169,5.9241,1542.063444,1514.835889,1516.951389,1510.050536746479,1527.424278,123.4754611,197.29835,1605.865611,2354.717556,620.43245,843.7625444,2524.563460123944,2903.3896041732382,24.40983333,6.758722222,6.662388889,16.9463505479155,62.90555556,62.48333333,74.01111111,90.62222222,90.62222222,92.27222222,92.27222222,0.183333333,0.288888889,87.43388889,87.43388889,79.85388889,79.85388889,82.32888889,82.32888889,96.53444444,96.53444444,80.10193778,79.87267944,118.2293,117.7388611,118.0055944,117.5394889,81.9990853756338,81.82539345056335,3
74,2.601044444,1.0401584506901407,1.0219993740563382,0.9210801251830986,5.256955556,6.672083333,6.287644444,3.836605712028169,5.916766667,1550.688444,1514.864944,1516.983444,1510.050536746479,1527.512111,128.6431011,195.32145,1622.813889,2468.318556,666.9356944,890.8560556,2524.563460123944,2903.3896041732382,24.10805556,5.833666667,6.123833333,16.9463505479155,64.28333333,67.37222222,76.73888889,90.91111111,90.91111111,93.77222222,93.77222222,0.066666667,0.172222222,87.49888889,87.49888889,79.75888889,79.75888889,82.0,82.0,96.65388889,96.65388889,80.54497,80.32194611,118.2276667,117.7361,118.0020167,117.5381333,81.9990853756338,81.82539345056335,3
75,2.3368,1.0401584506901407,1.0219993740563382,0.9210801251830986,5.222705556,6.669055556,6.288772222,3.836605712028169,5.895377778,1550.800889,1514.913278,1517.048222,1510.050536746479,1527.587444,130.6562667,192.9982722,1578.318667,2498.801944,725.7948222,961.4894056,2524.563460123944,2903.3896041732382,23.60566667,5.832222222,6.386055556,16.9463505479155,64.2,65.59444444,75.52222222,91.51666667,91.51666667,94.45,94.45,0.072222222,0.1,87.38111111,87.38111111,79.83333333,79.83333333,82.0,82.0,96.61277778,96.61277778,80.53818667,80.31735056,118.2237333,117.7323889,117.9971667,117.5327778,81.9990853756338,81.82539345056335,3
